,xpath,reduced_xpath,dom_tree_level,x_position,y_position,height,width,html_children,html_attributes,padding_top,padding_right,padding_bottom,padding_left,margin_top,margin_right,margin_bottom,margin_left
0,/html/body/div[2],/html/body/div[],3,0,0,4275.533203125,1349.0,2340,1,0,0,0,0,0,0,0,0
1,/html/body/div[2]/div[1],/html/body/div[]/div[],4,0,0,4275.533203125,1349.0,2338,0,0,0,0,0,0,0,0,0
2,/html/body/div[2]/div[1]/div,/html/body/div[]/div[]/div,5,0,0,4275.533203125,1349.0,2337,1,0,0,0,0,0,0,0,0
3,/html/body/div[2]/div[1]/div/div,/html/body/div[]/div[]/div/div,6,0,0,4275.533203125,1349.0,2336,1,0,0,0,0,0,0,0,0
4,/html/body/div[2]/div[1]/div/div/header/div[1],/html/body/div[]/div[]/div/div/header/div[],8,0,556,130.0,1349.0,8,1,30,30,30,30,0,0,0,0
5,/html/body/div[2]/div[1]/div/div/div,/html/body/div[]/div[]/div/div/div,7,24,104,3887.533447265625,1301.0,2162,1,0,0,0,0,0,24,0,24
6,/html/body/div[2]/div[1]/div/div/div/div,/html/body/div[]/div[]/div/div/div/div,8,74,104,3887.533447265625,1200.0,2161,1,0,0,0,0,0,50.5,0,50.5
7,/html/body/div[2]/div[1]/div/div/div/div/div[1],/html/body/div[]/div[]/div/div/div/div/div[],9,74,116,3875.533447265625,1200.0,2156,1,0,0,0,0,12,0,0,0
8,/html/body/div[2]/div[1]/div/div/div/div/div[1]/main/div[1],/html/body/div[]/div[]/div/div/div/div/div[]/main/div[],11,74,172,84.0,1200.0,13,1,8,0,0,0,0,0,0,0
9,/html/body/div[2]/div[1]/div/div/div/div/div[1]/main/div[1]/div,/html/body/div[]/div[]/div/div/div/div/div[]/main/div[]/div,12,74,180,76.0,1200.0,12,1,0,0,0,0,0,0,0,0
10,/html/body/div[2]/div[1]/div/div/div/div/div[1]/main/div[1]/div/div,/html/body/div[]/div[]/div/div/div/div/div[]/main/div[]/div/div,13,74,180,76.0,1200.0,11,1,16,16,16,0,0,0,0,0
11,/html/body/div[2]/div[1]/div/div/div/div/div[1]/main/div[2],/html/body/div[]/div[]/div/div/div/div/div[]/main/div[],11,74,256,3727.533447265625,1200.0,2034,1,12,0,12,0,0,0,0,0
12,/html/body/div[2]/div[1]/div/div/div/div/div[1]/main/div[2]/div,/html/body/div[]/div[]/div/div/div/div/div[]/main/div[]/div,12,74,268,3703.533447265625,1200.0,2033,1,0,0,0,0,0,0,0,0
13,/html/body/div[2]/div[1]/div/div/div/div/div[1]/main/div[2]/div/div[1],/html/body/div[]/div[]/div/div/div/div/div[]/main/div[]/div/div[],13,74,268,3703.533447265625,300.0,606,1,0,0,0,0,0,0,0,0
14,/html/body/div[2]/div[1]/div/div/div/div/div[1]/main/div[2]/div/div[1]/section/div,/html/body/div[]/div[]/div/div/div/div/div[]/main/div[]/div/div[]/section/div,15,74,268,170.56666564941406,300.0,10,0,0,0,0,0,0,0,0,0
15,/html/body/div[2]/div[1]/div/div/div/div/div[1]/main/div[2]/div/div[1]/section/div/div,/html/body/div[]/div[]/div/div/div/div/div[]/main/div[]/div/div[]/section/div/div,16,74,268,170.56666564941406,300.0,9,1,0,0,0,0,0,0,0,0
16,/html/body/div[2]/div[1]/div/div/div/div/div[1]/main/div[2]/div/div[1]/section/div/div/section/figure/div,/html/body/div[]/div[]/div/div/div/div/div[]/main/div[]/div/div[]/section/div/div/section/figure/div,19,74,268,128.56666564941406,300.0,1,1,0,0,0,0,0,0,0,0
17,/html/body/div[2]/div[1]/div/div/div/div/div[1]/main/div[2]/div/div[1]/section/form/fieldset[2]/div,/html/body/div[]/div[]/div/div/div/div/div[]/main/div[]/div/div[]/section/form/fieldset[]/div,17,74,683,180.0,300.0,31,1,0,0,0,0,-4,0,0,0
18,/html/body/div[2]/div[1]/div/div/div/div/div[1]/main/div[2]/div/div[1]/section/form/fieldset[2]/div/div,/html/body/div[]/div[]/div/div/div/div/div[]/main/div[]/div/div[]/section/form/fieldset[]/div/div,18,74,683,180.0,300.0,30,1,0,0,0,0,0,0,0,0
19,/html/body/div[2]/div[1]/div/div/div/div/div[1]/main/div[2]/div/div[1]/section/form/fieldset[4]/div,/html/body/div[]/div[]/div/div/div/div/div[]/main/div[]/div/div[]/section/form/fieldset[]/div,17,74,1007,180.0,300.0,31,1,0,0,0,0,-4,0,0,0
20,/html/body/div[2]/div[1]/div/div/div/div/div[1]/main/div[2]/div/div[1]/section/form/fieldset[4]/div/div,/html/body/div[]/div[]/div/div/div/div/div[]/main/div[]/div/div[]/section/form/fieldset[]/div/div,18,74,1007,180.0,300.0,30,1,0,0,0,0,0,0,0,0
21,/html/body/div[2]/div[1]/div/div/div/div/div[1]/main/div[2]/div/div[1]/section/form/fieldset[5]/div,/html/body/div[]/div[]/div/div/div/div/div[]/main/div[]/div/div[]/section/form/fieldset[]/div,17,74,1233,144.0,300.0,27,1,0,0,0,0,-4,0,0,0
22,/html/body/div[2]/div[1]/div/div/div/div/div[1]/main/div[2]/div/div[1]/section/form/fieldset[5]/div/fieldset/div,/html/body/div[]/div[]/div/div/div/div/div[]/main/div[]/div/div[]/section/form/fieldset[]/div/fieldset/div,19,74,1233,144.0,300.0,24,1,0,0,0,0,0,0,0,0
23,/html/body/div[2]/div[1]/div/div/div/div/div[1]/main/div[2]/div/div[1]/section/form/fieldset[8]/div,/html/body/div[]/div[]/div/div/div/div/div[]/main/div[]/div/div[]/section/form/fieldset[]/div,17,74,1655,288.0,300.0,49,1,0,0,0,0,-4,0,0,0
24,/html/body/div[2]/div[1]/div/div/div/div/div[1]/main/div[2]/div/div[1]/section/form/fieldset[8]/div/div,/html/body/div[]/div[]/div/div/div/div/div[]/main/div[]/div/div[]/section/form/fieldset[]/div/div,18,74,1655,288.0,300.0,48,1,0,0,0,0,0,0,0,0
25,/html/body/div[2]/div[1]/div/div/div/div/div[1]/main/div[2]/div/div[1]/section/form/fieldset[11]/div,/html/body/div[]/div[]/div/div/div/div/div[]/main/div[]/div/div[]/section/form/fieldset[]/div,17,74,2169,396.0,300.0,127,1,0,0,0,0,-4,0,0,0
26,/html/body/div[2]/div[1]/div/div/div/div/div[1]/main/div[2]/div/div[1]/section/form/fieldset[11]/div/div[1],/html/body/div[]/div[]/div/div/div/div/div[]/main/div[]/div/div[]/section/form/fieldset[]/div/div[],18,74,2169,360.0,300.0,124,2,0,0,0,0,0,0,0,0
27,/html/body/div[2]/div[1]/div/div/div/div/div[1]/main/div[2]/div/div[1]/section/form/fieldset[11]/div/div[1]/div,/html/body/div[]/div[]/div/div/div/div/div[]/main/div[]/div/div[]/section/form/fieldset[]/div/div[]/div,19,74,2169,720.0,300.0,123,1,0,0,0,0,0,0,0,0
28,/html/body/div[2]/div[1]/div/div/div/div/div[1]/main/div[2]/div/div[1]/section/form/fieldset[11]/div/div[1]/div/fieldset/div,/html/body/div[]/div[]/div/div/div/div/div[]/main/div[]/div/div[]/section/form/fieldset[]/div/div[]/div/fieldset/div,21,74,2169,720.0,300.0,120,1,0,0,0,0,0,0,0,0
29,/html/body/div[2]/div[1]/div/div/div/div/div[1]/main/div[2]/div/div[1]/section/form/fieldset[13]/div,/html/body/div[]/div[]/div/div/div/div/div[]/main/div[]/div/div[]/section/form/fieldset[]/div,17,74,2693,396.0,300.0,83,1,0,0,0,0,-4,0,0,0
30,/html/body/div[2]/div[1]/div/div/div/div/div[1]/main/div[2]/div/div[1]/section/form/fieldset[13]/div/div[1],/html/body/div[]/div[]/div/div/div/div/div[]/main/div[]/div/div[]/section/form/fieldset[]/div/div[],18,74,2693,360.0,300.0,80,2,0,0,0,0,0,0,0,0
31,/html/body/div[2]/div[1]/div/div/div/div/div[1]/main/div[2]/div/div[1]/section/form/fieldset[13]/div/div[1]/div,/html/body/div[]/div[]/div/div/div/div/div[]/main/div[]/div/div[]/section/form/fieldset[]/div/div[]/div,19,74,2693,488.0,300.0,79,1,0,0,0,0,0,0,0,0
32,/html/body/div[2]/div[1]/div/div/div/div/div[1]/main/div[2]/div/div[1]/section/form/fieldset[13]/div/div[1]/div/div,/html/body/div[]/div[]/div/div/div/div/div[]/main/div[]/div/div[]/section/form/fieldset[]/div/div[]/div/div,20,74,2693,488.0,300.0,78,1,0,0,0,0,0,0,0,0
33,/html/body/div[2]/div[1]/div/div/div/div/div[1]/main/div[2]/div/div[1]/section/form/fieldset[14]/div,/html/body/div[]/div[]/div/div/div/div/div[]/main/div[]/div/div[]/section/form/fieldset[]/div,17,74,3135,108.0,300.0,19,1,0,0,0,0,-4,0,0,0
34,/html/body/div[2]/div[1]/div/div/div/div/div[1]/main/div[2]/div/div[1]/section/form/fieldset[14]/div/div,/html/body/div[]/div[]/div/div/div/div/div[]/main/div[]/div/div[]/section/form/fieldset[]/div/div,18,74,3135,108.0,300.0,18,1,0,0,0,0,0,0,0,0
35,/html/body/div[2]/div[1]/div/div/div/div/div[1]/main/div[2]/div/div[1]/section/form/fieldset[15]/div,/html/body/div[]/div[]/div/div/div/div/div[]/main/div[]/div/div[]/section/form/fieldset[]/div,17,74,3289,152.0,300.0,15,1,0,0,0,0,-4,0,0,0
36,/html/body/div[2]/div[1]/div/div/div/div/div[1]/main/div[2]/div/div[1]/section/form/fieldset[15]/div/div,/html/body/div[]/div[]/div/div/div/div/div[]/main/div[]/div/div[]/section/form/fieldset[]/div/div,18,74,3289,152.0,300.0,14,1,0,0,0,0,0,0,0,0
37,/html/body/div[2]/div[1]/div/div/div/div/div[1]/main/div[2]/div/div[1]/section/form/fieldset[15]/div/div/div[2],/html/body/div[]/div[]/div/div/div/div/div[]/main/div[]/div/div[]/section/form/fieldset[]/div/div/div[],19,74,3357,84.0,300.0,6,1,0,0,0,0,0,0,0,0
38,/html/body/div[2]/div[1]/div/div/div/div/div[1]/main/div[2]/div/div[1]/section/form/fieldset[15]/div/div/div[2]/div,/html/body/div[]/div[]/div/div/div/div/div[]/main/div[]/div/div[]/section/form/fieldset[]/div/div/div[]/div,20,68,3357,84.0,306.0,5,1,8,0,8,0,0,0,0,-6
39,/html/body/div[2]/div[1]/div/div/div/div/div[1]/main/div[2]/div/div[2],/html/body/div[]/div[]/div/div/div/div/div[]/main/div[]/div/div[],13,374,268,3703.533447265625,900.0,1425,1,0,0,0,24,0,0,0,0
40,/html/body/div[2]/div[1]/div/div/div/div/div[1]/main/div[2]/div/div[2]/section[2]/ol/li[1]/div,/html/body/div[]/div[]/div/div/div/div/div[]/main/div[]/div/div[]/section[]/ol/li[]/div,17,398,332,203.25,876.0,94,1,0,0,0,0,0,0,0,0
41,/html/body/div[2]/div[1]/div/div/div/div/div[1]/main/div[2]/div/div[2]/section[2]/ol/li[1]/div/section/div,/html/body/div[]/div[]/div/div/div/div/div[]/main/div[]/div/div[]/section[]/ol/li[]/div/section/div,19,398,332,203.25,292.1499938964844,43,1,0,0,0,0,0,0,0,0
42,/html/body/div[2]/div[1]/div/div/div/div/div[1]/main/div[2]/div/div[2]/section[2]/ol/li[1]/div/section/div/span/div[1],/html/body/div[]/div[]/div/div/div/div/div[]/main/div[]/div/div[]/section[]/ol/li[]/div/section/div/span/div[],21,398,332,203.25,292.1499938964844,29,1,0,0,0,0,0,0,0,0
43,/html/body/div[2]/div[1]/div/div/div/div/div[1]/main/div[2]/div/div[2]/section[2]/ol/li[1]/div/section/div/span/div[1]/div,/html/body/div[]/div[]/div/div/div/div/div[]/main/div[]/div/div[]/section[]/ol/li[]/div/section/div/span/div[]/div,22,398,332,203.25,292.1499938964844,17,1,0,0,164.333,0,0,0,0,0
44,/html/body/div[2]/div[1]/div/div/div/div/div[1]/main/div[2]/div/div[2]/section[2]/ol/li[1]/div/section/div/span/div[1]/div/div[1],/html/body/div[]/div[]/div/div/div/div/div[]/main/div[]/div/div[]/section[]/ol/li[]/div/section/div/span/div[]/div/div[],23,106,332,203.25,292.1499938964844,3,2,0,0,0,0,0,0,0,0
45,/html/body/div[2]/div[1]/div/div/div/div/div[1]/main/div[2]/div/div[2]/section[2]/ol/li[1]/div/section/div/span/div[1]/div/div[1]/figure/div,/html/body/div[]/div[]/div/div/div/div/div[]/main/div[]/div/div[]/section[]/ol/li[]/div/section/div/span/div[]/div/div[]/figure/div,25,106,332,203.25,292.1499938964844,1,1,0,0,0,0,0,0,0,0
46,/html/body/div[2]/div[1]/div/div/div/div/div[1]/main/div[2]/div/div[2]/section[2]/ol/li[1]/div/section/div/span/div[1]/div/div[2],/html/body/div[]/div[]/div/div/div/div/div[]/main/div[]/div/div[]/section[]/ol/li[]/div/section/div/span/div[]/div/div[],23,398,332,203.25,292.1499938964844,3,2,0,0,0,0,0,0,0,0
47,/html/body/div[2]/div[1]/div/div/div/div/div[1]/main/div[2]/div/div[2]/section[2]/ol/li[1]/div/section/div/span/div[1]/div/div[2]/figure/div,/html/body/div[]/div[]/div/div/div/div/div[]/main/div[]/div/div[]/section[]/ol/li[]/div/section/div/span/div[]/div/div[]/figure/div,25,398,332,203.25,292.1499938964844,1,1,0,0,0,0,0,0,0,0
48,/html/body/div[2]/div[1]/div/div/div/div/div[1]/main/div[2]/div/div[2]/section[2]/ol/li[1]/div/section/div/span/div[1]/div/div[3],/html/body/div[]/div[]/div/div/div/div/div[]/main/div[]/div/div[]/section[]/ol/li[]/div/section/div/span/div[]/div/div[],23,691,332,203.25,292.1500244140625,3,2,0,0,0,0,0,0,0,0
49,/html/body/div[2]/div[1]/div/div/div/div/div[1]/main/div[2]/div/div[2]/section[2]/ol/li[1]/div/section/div/span/div[1]/div/div[3]/figure/div,/html/body/div[]/div[]/div/div/div/div/div[]/main/div[]/div/div[]/section[]/ol/li[]/div/section/div/span/div[]/div/div[]/figure/div,25,691,332,203.25,292.1500244140625,1,1,0,0,0,0,0,0,0,0
50,/html/body/div[2]/div[1]/div/div/div/div/div[1]/main/div[2]/div/div[2]/section[2]/ol/li[1]/div/div,/html/body/div[]/div[]/div/div/div/div/div[]/main/div[]/div/div[]/section[]/ol/li[]/div/div,18,691,332,203.25,583.8499755859375,46,1,12,12,12,12,0,0,0,0
51,/html/body/div[2]/div[1]/div/div/div/div/div[1]/main/div[2]/div/div[2]/section[2]/ol/li[1]/div/div/div[2],/html/body/div[]/div[]/div/div/div/div/div[]/main/div[]/div/div[]/section[]/ol/li[]/div/div/div[],19,703,417,106.0,559.8499755859375,22,1,0,0,0,0,0,0,0,0
52,/html/body/div[2]/div[1]/div/div/div/div/div[1]/main/div[2]/div/div[2]/section[2]/ol/li[1]/div/div/div[2]/div,/html/body/div[]/div[]/div/div/div/div/div[]/main/div[]/div/div[]/section[]/ol/li[]/div/div/div[]/div,20,703,417,106.0,559.8499755859375,21,1,0,0,0,0,0,0,0,0
53,/html/body/div[2]/div[1]/div/div/div/div/div[1]/main/div[2]/div/div[2]/section[2]/ol/li[1]/div/div/div[2]/div/div[1],/html/body/div[]/div[]/div/div/div/div/div[]/main/div[]/div/div[]/section[]/ol/li[]/div/div/div[]/div/div[],21,703,417,106.0,482.5333251953125,11,1,0,0,0,0,0,0,0,0
54,/html/body/div[2]/div[1]/div/div/div/div/div[1]/main/div[2]/div/div[2]/section[2]/ol/li[2]/div,/html/body/div[]/div[]/div/div/div/div/div[]/main/div[]/div/div[]/section[]/ol/li[]/div,17,398,547,164.3333282470703,876.0,90,1,0,0,0,0,0,0,0,0
55,/html/body/div[2]/div[1]/div/div/div/div/div[1]/main/div[2]/div/div[2]/section[2]/ol/li[2]/div/section/div,/html/body/div[]/div[]/div/div/div/div/div[]/main/div[]/div/div[]/section[]/ol/li[]/div/section/div,19,398,547,164.3333282470703,292.1499938964844,43,1,0,0,0,0,0,0,0,0
56,/html/body/div[2]/div[1]/div/div/div/div/div[1]/main/div[2]/div/div[2]/section[2]/ol/li[2]/div/section/div/span/div[1],/html/body/div[]/div[]/div/div/div/div/div[]/main/div[]/div/div[]/section[]/ol/li[]/div/section/div/span/div[],21,398,547,164.3333282470703,292.1499938964844,29,1,0,0,0,0,0,0,0,0
57,/html/body/div[2]/div[1]/div/div/div/div/div[1]/main/div[2]/div/div[2]/section[2]/ol/li[2]/div/section/div/span/div[1]/div,/html/body/div[]/div[]/div/div/div/div/div[]/main/div[]/div/div[]/section[]/ol/li[]/div/section/div/span/div[]/div,22,398,547,164.3333282470703,292.1499938964844,17,1,0,0,164.333,0,0,0,0,0
58,/html/body/div[2]/div[1]/div/div/div/div/div[1]/main/div[2]/div/div[2]/section[2]/ol/li[2]/div/section/div/span/div[1]/div/div[1],/html/body/div[]/div[]/div/div/div/div/div[]/main/div[]/div/div[]/section[]/ol/li[]/div/section/div/span/div[]/div/div[],23,106,547,164.3333282470703,292.1499938964844,3,2,0,0,0,0,0,0,0,0
59,/html/body/div[2]/div[1]/div/div/div/div/div[1]/main/div[2]/div/div[2]/section[2]/ol/li[2]/div/section/div/span/div[1]/div/div[1]/figure/div,/html/body/div[]/div[]/div/div/div/div/div[]/main/div[]/div/div[]/section[]/ol/li[]/div/section/div/span/div[]/div/div[]/figure/div,25,106,547,164.3333282470703,292.1499938964844,1,1,0,0,0,0,0,0,0,0
60,/html/body/div[2]/div[1]/div/div/div/div/div[1]/main/div[2]/div/div[2]/section[2]/ol/li[2]/div/section/div/span/div[1]/div/div[2],/html/body/div[]/div[]/div/div/div/div/div[]/main/div[]/div/div[]/section[]/ol/li[]/div/section/div/span/div[]/div/div[],23,398,547,164.3333282470703,292.1499938964844,3,2,0,0,0,0,0,0,0,0
61,/html/body/div[2]/div[1]/div/div/div/div/div[1]/main/div[2]/div/div[2]/section[2]/ol/li[2]/div/section/div/span/div[1]/div/div[2]/figure/div,/html/body/div[]/div[]/div/div/div/div/div[]/main/div[]/div/div[]/section[]/ol/li[]/div/section/div/span/div[]/div/div[]/figure/div,25,398,547,164.3333282470703,292.1499938964844,1,1,0,0,0,0,0,0,0,0
62,/html/body/div[2]/div[1]/div/div/div/div/div[1]/main/div[2]/div/div[2]/section[2]/ol/li[2]/div/section/div/span/div[1]/div/div[3],/html/body/div[]/div[]/div/div/div/div/div[]/main/div[]/div/div[]/section[]/ol/li[]/div/section/div/span/div[]/div/div[],23,691,547,164.3333282470703,292.1500244140625,3,2,0,0,0,0,0,0,0,0
63,/html/body/div[2]/div[1]/div/div/div/div/div[1]/main/div[2]/div/div[2]/section[2]/ol/li[2]/div/section/div/span/div[1]/div/div[3]/figure/div,/html/body/div[]/div[]/div/div/div/div/div[]/main/div[]/div/div[]/section[]/ol/li[]/div/section/div/span/div[]/div/div[]/figure/div,25,691,547,164.3333282470703,292.1500244140625,1,1,0,0,0,0,0,0,0,0
64,/html/body/div[2]/div[1]/div/div/div/div/div[1]/main/div[2]/div/div[2]/section[2]/ol/li[2]/div/div,/html/body/div[]/div[]/div/div/div/div/div[]/main/div[]/div/div[]/section[]/ol/li[]/div/div,18,691,547,164.3333282470703,583.8499755859375,44,1,12,12,12,12,0,0,0,0
65,/html/body/div[2]/div[1]/div/div/div/div/div[1]/main/div[2]/div/div[2]/section[2]/ol/li[3]/div,/html/body/div[]/div[]/div/div/div/div/div[]/main/div[]/div/div[]/section[]/ol/li[]/div,17,398,724,164.33334350585938,876.0,91,1,0,0,0,0,0,0,0,0
66,/html/body/div[2]/div[1]/div/div/div/div/div[1]/main/div[2]/div/div[2]/section[2]/ol/li[3]/div/section/div,/html/body/div[]/div[]/div/div/div/div/div[]/main/div[]/div/div[]/section[]/ol/li[]/div/section/div,19,398,724,164.33334350585938,292.1499938964844,43,1,0,0,0,0,0,0,0,0
67,/html/body/div[2]/div[1]/div/div/div/div/div[1]/main/div[2]/div/div[2]/section[2]/ol/li[3]/div/section/div/span/div[1],/html/body/div[]/div[]/div/div/div/div/div[]/main/div[]/div/div[]/section[]/ol/li[]/div/section/div/span/div[],21,398,724,164.33334350585938,292.1499938964844,29,1,0,0,0,0,0,0,0,0
68,/html/body/div[2]/div[1]/div/div/div/div/div[1]/main/div[2]/div/div[2]/section[2]/ol/li[3]/div/section/div/span/div[1]/div,/html/body/div[]/div[]/div/div/div/div/div[]/main/div[]/div/div[]/section[]/ol/li[]/div/section/div/span/div[]/div,22,398,724,164.33334350585938,292.1499938964844,17,1,0,0,164.333,0,0,0,0,0
69,/html/body/div[2]/div[1]/div/div/div/div/div[1]/main/div[2]/div/div[2]/section[2]/ol/li[3]/div/section/div/span/div[1]/div/div[1],/html/body/div[]/div[]/div/div/div/div/div[]/main/div[]/div/div[]/section[]/ol/li[]/div/section/div/span/div[]/div/div[],23,106,724,164.33334350585938,292.1499938964844,3,2,0,0,0,0,0,0,0,0
70,/html/body/div[2]/div[1]/div/div/div/div/div[1]/main/div[2]/div/div[2]/section[2]/ol/li[3]/div/section/div/span/div[1]/div/div[1]/figure/div,/html/body/div[]/div[]/div/div/div/div/div[]/main/div[]/div/div[]/section[]/ol/li[]/div/section/div/span/div[]/div/div[]/figure/div,25,106,724,164.33334350585938,292.1499938964844,1,1,0,0,0,0,0,0,0,0
71,/html/body/div[2]/div[1]/div/div/div/div/div[1]/main/div[2]/div/div[2]/section[2]/ol/li[3]/div/section/div/span/div[1]/div/div[2],/html/body/div[]/div[]/div/div/div/div/div[]/main/div[]/div/div[]/section[]/ol/li[]/div/section/div/span/div[]/div/div[],23,398,724,164.33334350585938,292.1499938964844,3,2,0,0,0,0,0,0,0,0
72,/html/body/div[2]/div[1]/div/div/div/div/div[1]/main/div[2]/div/div[2]/section[2]/ol/li[3]/div/section/div/span/div[1]/div/div[2]/figure/div,/html/body/div[]/div[]/div/div/div/div/div[]/main/div[]/div/div[]/section[]/ol/li[]/div/section/div/span/div[]/div/div[]/figure/div,25,398,724,164.33334350585938,292.1499938964844,1,1,0,0,0,0,0,0,0,0
73,/html/body/div[2]/div[1]/div/div/div/div/div[1]/main/div[2]/div/div[2]/section[2]/ol/li[3]/div/section/div/span/div[1]/div/div[3],/html/body/div[]/div[]/div/div/div/div/div[]/main/div[]/div/div[]/section[]/ol/li[]/div/section/div/span/div[]/div/div[],23,691,724,164.33334350585938,292.1500244140625,3,2,0,0,0,0,0,0,0,0
74,/html/body/div[2]/div[1]/div/div/div/div/div[1]/main/div[2]/div/div[2]/section[2]/ol/li[3]/div/section/div/span/div[1]/div/div[3]/figure/div,/html/body/div[]/div[]/div/div/div/div/div[]/main/div[]/div/div[]/section[]/ol/li[]/div/section/div/span/div[]/div/div[]/figure/div,25,691,724,164.33334350585938,292.1500244140625,1,1,0,0,0,0,0,0,0,0
75,/html/body/div[2]/div[1]/div/div/div/div/div[1]/main/div[2]/div/div[2]/section[2]/ol/li[3]/div/div,/html/body/div[]/div[]/div/div/div/div/div[]/main/div[]/div/div[]/section[]/ol/li[]/div/div,18,691,724,164.33334350585938,583.8499755859375,45,1,12,12,12,12,0,0,0,0
76,/html/body/div[2]/div[1]/div/div/div/div/div[1]/main/div[2]/div/div[2]/section[2]/ol/li[4]/div,/html/body/div[]/div[]/div/div/div/div/div[]/main/div[]/div/div[]/section[]/ol/li[]/div,17,398,900,164.3333282470703,876.0,88,1,0,0,0,0,0,0,0,0
77,/html/body/div[2]/div[1]/div/div/div/div/div[1]/main/div[2]/div/div[2]/section[2]/ol/li[4]/div/section/div,/html/body/div[]/div[]/div/div/div/div/div[]/main/div[]/div/div[]/section[]/ol/li[]/div/section/div,19,398,900,164.3333282470703,292.1499938964844,40,1,0,0,0,0,0,0,0,0
78,/html/body/div[2]/div[1]/div/div/div/div/div[1]/main/div[2]/div/div[2]/section[2]/ol/li[4]/div/section/div/span/span/div[1],/html/body/div[]/div[]/div/div/div/div/div[]/main/div[]/div/div[]/section[]/ol/li[]/div/section/div/span/span/div[],22,398,900,164.3333282470703,292.1499938964844,25,1,0,0,0,0,0,0,0,0
79,/html/body/div[2]/div[1]/div/div/div/div/div[1]/main/div[2]/div/div[2]/section[2]/ol/li[4]/div/section/div/span/span/div[1]/div,/html/body/div[]/div[]/div/div/div/div/div[]/main/div[]/div/div[]/section[]/ol/li[]/div/section/div/span/span/div[]/div,23,398,900,164.3333282470703,292.1499938964844,13,1,0,0,164.333,0,0,0,0,0
80,/html/body/div[2]/div[1]/div/div/div/div/div[1]/main/div[2]/div/div[2]/section[2]/ol/li[4]/div/section/div/span/span/div[1]/div/div[1],/html/body/div[]/div[]/div/div/div/div/div[]/main/div[]/div/div[]/section[]/ol/li[]/div/section/div/span/span/div[]/div/div[],24,106,900,164.3333282470703,292.1499938964844,2,2,0,0,0,0,0,0,0,0
81,/html/body/div[2]/div[1]/div/div/div/div/div[1]/main/div[2]/div/div[2]/section[2]/ol/li[4]/div/section/div/span/span/div[1]/div/div[1]/figure/div,/html/body/div[]/div[]/div/div/div/div/div[]/main/div[]/div/div[]/section[]/ol/li[]/div/section/div/span/span/div[]/div/div[]/figure/div,26,106,900,164.3333282470703,292.1499938964844,0,1,0,0,0,0,0,0,0,0
82,/html/body/div[2]/div[1]/div/div/div/div/div[1]/main/div[2]/div/div[2]/section[2]/ol/li[4]/div/section/div/span/span/div[1]/div/div[2],/html/body/div[]/div[]/div/div/div/div/div[]/main/div[]/div/div[]/section[]/ol/li[]/div/section/div/span/span/div[]/div/div[],24,398,900,164.3333282470703,292.1499938964844,2,2,0,0,0,0,0,0,0,0
83,/html/body/div[2]/div[1]/div/div/div/div/div[1]/main/div[2]/div/div[2]/section[2]/ol/li[4]/div/section/div/span/span/div[1]/div/div[2]/figure/div,/html/body/div[]/div[]/div/div/div/div/div[]/main/div[]/div/div[]/section[]/ol/li[]/div/section/div/span/span/div[]/div/div[]/figure/div,26,398,900,164.3333282470703,292.1499938964844,0,1,0,0,0,0,0,0,0,0
84,/html/body/div[2]/div[1]/div/div/div/div/div[1]/main/div[2]/div/div[2]/section[2]/ol/li[4]/div/section/div/span/span/div[1]/div/div[3],/html/body/div[]/div[]/div/div/div/div/div[]/main/div[]/div/div[]/section[]/ol/li[]/div/section/div/span/span/div[]/div/div[],24,691,900,164.3333282470703,292.1500244140625,2,2,0,0,0,0,0,0,0,0
85,/html/body/div[2]/div[1]/div/div/div/div/div[1]/main/div[2]/div/div[2]/section[2]/ol/li[4]/div/section/div/span/span/div[1]/div/div[3]/figure/div,/html/body/div[]/div[]/div/div/div/div/div[]/main/div[]/div/div[]/section[]/ol/li[]/div/section/div/span/span/div[]/div/div[]/figure/div,26,691,900,164.3333282470703,292.1500244140625,0,1,0,0,0,0,0,0,0,0
86,/html/body/div[2]/div[1]/div/div/div/div/div[1]/main/div[2]/div/div[2]/section[2]/ol/li[4]/div/div,/html/body/div[]/div[]/div/div/div/div/div[]/main/div[]/div/div[]/section[]/ol/li[]/div/div,18,691,900,164.3333282470703,583.8499755859375,45,1,12,12,12,12,0,0,0,0
87,/html/body/div[2]/div[1]/div/div/div/div/div[1]/main/div[2]/div/div[2]/section[2]/ol/li[5]/div,/html/body/div[]/div[]/div/div/div/div/div[]/main/div[]/div/div[]/section[]/ol/li[]/div,17,398,1076,164.3333282470703,876.0,59,1,0,0,0,0,0,0,0,0
88,/html/body/div[2]/div[1]/div/div/div/div/div[1]/main/div[2]/div/div[2]/section[2]/ol/li[5]/div/section/div,/html/body/div[]/div[]/div/div/div/div/div[]/main/div[]/div/div[]/section[]/ol/li[]/div/section/div,19,398,1076,164.3333282470703,292.1499938964844,14,1,0,0,0,0,0,0,0,0
89,/html/body/div[2]/div[1]/div/div/div/div/div[1]/main/div[2]/div/div[2]/section[2]/ol/li[5]/div/div,/html/body/div[]/div[]/div/div/div/div/div[]/main/div[]/div/div[]/section[]/ol/li[]/div/div,18,691,1076,164.3333282470703,583.8499755859375,42,1,12,12,12,12,0,0,0,0
90,/html/body/div[2]/div[1]/div/div/div/div/div[1]/main/div[2]/div/div[2]/section[2]/ol/li[6]/div,/html/body/div[]/div[]/div/div/div/div/div[]/main/div[]/div/div[]/section[]/ol/li[]/div,17,398,1253,164.33334350585938,876.0,61,1,0,0,0,0,0,0,0,0
91,/html/body/div[2]/div[1]/div/div/div/div/div[1]/main/div[2]/div/div[2]/section[2]/ol/li[6]/div/section/div,/html/body/div[]/div[]/div/div/div/div/div[]/main/div[]/div/div[]/section[]/ol/li[]/div/section/div,19,398,1253,164.33334350585938,292.1499938964844,14,1,0,0,0,0,0,0,0,0
92,/html/body/div[2]/div[1]/div/div/div/div/div[1]/main/div[2]/div/div[2]/section[2]/ol/li[6]/div/div,/html/body/div[]/div[]/div/div/div/div/div[]/main/div[]/div/div[]/section[]/ol/li[]/div/div,18,691,1253,164.33334350585938,583.8499755859375,44,1,12,12,12,12,0,0,0,0
93,/html/body/div[2]/div[1]/div/div/div/div/div[1]/main/div[2]/div/div[2]/section[2]/ol/li[7]/div,/html/body/div[]/div[]/div/div/div/div/div[]/main/div[]/div/div[]/section[]/ol/li[]/div,17,398,1429,164.3333282470703,876.0,49,1,0,0,0,0,0,0,0,0
94,/html/body/div[2]/div[1]/div/div/div/div/div[1]/main/div[2]/div/div[2]/section[2]/ol/li[7]/div/section/div,/html/body/div[]/div[]/div/div/div/div/div[]/main/div[]/div/div[]/section[]/ol/li[]/div/section/div,19,398,1429,164.3333282470703,292.1499938964844,14,1,0,0,0,0,0,0,0,0
95,/html/body/div[2]/div[1]/div/div/div/div/div[1]/main/div[2]/div/div[2]/section[2]/ol/li[7]/div/div,/html/body/div[]/div[]/div/div/div/div/div[]/main/div[]/div/div[]/section[]/ol/li[]/div/div,18,691,1429,164.3333282470703,583.8499755859375,32,1,12,12,12,12,0,0,0,0
96,/html/body/div[2]/div[1]/div/div/div/div/div[1]/main/div[2]/div/div[2]/section[2]/ol/li[7]/div/div/div[1],/html/body/div[]/div[]/div/div/div/div/div[]/main/div[]/div/div[]/section[]/ol/li[]/div/div/div[],19,703,1441,91.25,559.8499755859375,15,1,0,0,0,0,0,0,0,0
97,/html/body/div[2]/div[1]/div/div/div/div/div[1]/main/div[2]/div/div[2]/section[2]/ol/li[8]/div,/html/body/div[]/div[]/div/div/div/div/div[]/main/div[]/div/div[]/section[]/ol/li[]/div,17,398,1605,164.3333282470703,876.0,61,1,0,0,0,0,0,0,0,0
98,/html/body/div[2]/div[1]/div/div/div/div/div[1]/main/div[2]/div/div[2]/section[2]/ol/li[8]/div/section/div,/html/body/div[]/div[]/div/div/div/div/div[]/main/div[]/div/div[]/section[]/ol/li[]/div/section/div,19,398,1605,164.3333282470703,292.1499938964844,14,1,0,0,0,0,0,0,0,0
99,/html/body/div[2]/div[1]/div/div/div/div/div[1]/main/div[2]/div/div[2]/section[2]/ol/li[8]/div/div,/html/body/div[]/div[]/div/div/div/div/div[]/main/div[]/div/div[]/section[]/ol/li[]/div/div,18,691,1605,164.3333282470703,583.8499755859375,44,1,12,12,12,12,0,0,0,0
100,/html/body/div[2]/div[1]/div/div/div/div/div[1]/main/div[2]/div/div[2]/section[2]/ol/li[9]/div,/html/body/div[]/div[]/div/div/div/div/div[]/main/div[]/div/div[]/section[]/ol/li[]/div,17,398,1782,164.33334350585938,876.0,62,1,0,0,0,0,0,0,0,0
101,/html/body/div[2]/div[1]/div/div/div/div/div[1]/main/div[2]/div/div[2]/section[2]/ol/li[9]/div/section/div,/html/body/div[]/div[]/div/div/div/div/div[]/main/div[]/div/div[]/section[]/ol/li[]/div/section/div,19,398,1782,164.33334350585938,292.1499938964844,14,1,0,0,0,0,0,0,0,0
102,/html/body/div[2]/div[1]/div/div/div/div/div[1]/main/div[2]/div/div[2]/section[2]/ol/li[9]/div/div,/html/body/div[]/div[]/div/div/div/div/div[]/main/div[]/div/div[]/section[]/ol/li[]/div/div,18,691,1782,164.33334350585938,583.8499755859375,45,1,12,12,12,12,0,0,0,0
103,/html/body/div[2]/div[1]/div/div/div/div/div[1]/main/div[2]/div/div[2]/section[2]/ol/li[9]/div/div/div[1],/html/body/div[]/div[]/div/div/div/div/div[]/main/div[]/div/div[]/section[]/ol/li[]/div/div/div[],19,703,1794,91.25,559.8499755859375,21,1,0,0,0,0,0,0,0,0
104,/html/body/div[2]/div[1]/div/div/div/div/div[1]/main/div[2]/div/div[2]/section[2]/ol/li[10]/div,/html/body/div[]/div[]/div/div/div/div/div[]/main/div[]/div/div[]/section[]/ol/li[]/div,17,398,1958,164.3333282470703,876.0,61,1,0,0,0,0,0,0,0,0
105,/html/body/div[2]/div[1]/div/div/div/div/div[1]/main/div[2]/div/div[2]/section[2]/ol/li[10]/div/section/div,/html/body/div[]/div[]/div/div/div/div/div[]/main/div[]/div/div[]/section[]/ol/li[]/div/section/div,19,398,1958,164.3333282470703,292.1499938964844,14,1,0,0,0,0,0,0,0,0
106,/html/body/div[2]/div[1]/div/div/div/div/div[1]/main/div[2]/div/div[2]/section[2]/ol/li[10]/div/div,/html/body/div[]/div[]/div/div/div/div/div[]/main/div[]/div/div[]/section[]/ol/li[]/div/div,18,691,1958,164.3333282470703,583.8499755859375,44,1,12,12,12,12,0,0,0,0
107,/html/body/div[2]/div[1]/div/div/div/div/div[1]/main/div[2]/div/div[2]/section[2]/ol/li[11]/div,/html/body/div[]/div[]/div/div/div/div/div[]/main/div[]/div/div[]/section[]/ol/li[]/div,17,398,2134,164.3333282470703,876.0,61,1,0,0,0,0,0,0,0,0
108,/html/body/div[2]/div[1]/div/div/div/div/div[1]/main/div[2]/div/div[2]/section[2]/ol/li[11]/div/section/div,/html/body/div[]/div[]/div/div/div/div/div[]/main/div[]/div/div[]/section[]/ol/li[]/div/section/div,19,398,2134,164.3333282470703,292.1499938964844,14,1,0,0,0,0,0,0,0,0
109,/html/body/div[2]/div[1]/div/div/div/div/div[1]/main/div[2]/div/div[2]/section[2]/ol/li[11]/div/div,/html/body/div[]/div[]/div/div/div/div/div[]/main/div[]/div/div[]/section[]/ol/li[]/div/div,18,691,2134,164.3333282470703,583.8499755859375,44,1,12,12,12,12,0,0,0,0
110,/html/body/div[2]/div[1]/div/div/div/div/div[1]/main/div[2]/div/div[2]/section[2]/ol/li[14]/div,/html/body/div[]/div[]/div/div/div/div/div[]/main/div[]/div/div[]/section[]/ol/li[]/div,17,398,2311,164.33334350585938,876.0,58,1,0,0,0,0,0,0,0,0
111,/html/body/div[2]/div[1]/div/div/div/div/div[1]/main/div[2]/div/div[2]/section[2]/ol/li[14]/div/section/div,/html/body/div[]/div[]/div/div/div/div/div[]/main/div[]/div/div[]/section[]/ol/li[]/div/section/div,19,398,2311,164.33334350585938,292.1499938964844,14,1,0,0,0,0,0,0,0,0
112,/html/body/div[2]/div[1]/div/div/div/div/div[1]/main/div[2]/div/div[2]/section[2]/ol/li[14]/div/div,/html/body/div[]/div[]/div/div/div/div/div[]/main/div[]/div/div[]/section[]/ol/li[]/div/div,18,691,2311,164.33334350585938,583.8499755859375,41,1,12,12,12,12,0,0,0,0
113,/html/body/div[2]/div[1]/div/div/div/div/div[1]/main/div[2]/div/div[2]/section[2]/ol/li[15]/div,/html/body/div[]/div[]/div/div/div/div/div[]/main/div[]/div/div[]/section[]/ol/li[]/div,17,398,2487,164.3333282470703,876.0,60,1,0,0,0,0,0,0,0,0
114,/html/body/div[2]/div[1]/div/div/div/div/div[1]/main/div[2]/div/div[2]/section[2]/ol/li[15]/div/section/div,/html/body/div[]/div[]/div/div/div/div/div[]/main/div[]/div/div[]/section[]/ol/li[]/div/section/div,19,398,2487,164.3333282470703,292.1499938964844,14,1,0,0,0,0,0,0,0,0
115,/html/body/div[2]/div[1]/div/div/div/div/div[1]/main/div[2]/div/div[2]/section[2]/ol/li[15]/div/div,/html/body/div[]/div[]/div/div/div/div/div[]/main/div[]/div/div[]/section[]/ol/li[]/div/div,18,691,2487,164.3333282470703,583.8499755859375,43,1,12,12,12,12,0,0,0,0
116,/html/body/div[2]/div[1]/div/div/div/div/div[1]/main/div[2]/div/div[2]/section[2]/ol/li[15]/div/div/div[1],/html/body/div[]/div[]/div/div/div/div/div[]/main/div[]/div/div[]/section[]/ol/li[]/div/div/div[],19,703,2499,91.25,559.8499755859375,21,1,0,0,0,0,0,0,0,0
117,/html/body/div[2]/div[1]/div/div/div/div/div[1]/main/div[2]/div/div[2]/section[2]/ol/li[16]/div,/html/body/div[]/div[]/div/div/div/div/div[]/main/div[]/div/div[]/section[]/ol/li[]/div,17,398,2663,164.3333282470703,876.0,53,1,0,0,0,0,0,0,0,0
118,/html/body/div[2]/div[1]/div/div/div/div/div[1]/main/div[2]/div/div[2]/section[2]/ol/li[16]/div/section/div,/html/body/div[]/div[]/div/div/div/div/div[]/main/div[]/div/div[]/section[]/ol/li[]/div/section/div,19,398,2663,164.3333282470703,292.1499938964844,14,1,0,0,0,0,0,0,0,0
119,/html/body/div[2]/div[1]/div/div/div/div/div[1]/main/div[2]/div/div[2]/section[2]/ol/li[16]/div/div,/html/body/div[]/div[]/div/div/div/div/div[]/main/div[]/div/div[]/section[]/ol/li[]/div/div,18,691,2663,164.3333282470703,583.8499755859375,36,1,12,12,12,12,0,0,0,0
120,/html/body/div[2]/div[1]/div/div/div/div/div[1]/main/div[2]/div/div[2]/section[2]/ol/li[17]/div,/html/body/div[]/div[]/div/div/div/div/div[]/main/div[]/div/div[]/section[]/ol/li[]/div,17,398,2840,164.33334350585938,876.0,61,1,0,0,0,0,0,0,0,0
121,/html/body/div[2]/div[1]/div/div/div/div/div[1]/main/div[2]/div/div[2]/section[2]/ol/li[17]/div/section/div,/html/body/div[]/div[]/div/div/div/div/div[]/main/div[]/div/div[]/section[]/ol/li[]/div/section/div,19,398,2840,164.33334350585938,292.1499938964844,14,1,0,0,0,0,0,0,0,0
122,/html/body/div[2]/div[1]/div/div/div/div/div[1]/main/div[2]/div/div[2]/section[2]/ol/li[17]/div/div,/html/body/div[]/div[]/div/div/div/div/div[]/main/div[]/div/div[]/section[]/ol/li[]/div/div,18,691,2840,164.33334350585938,583.8499755859375,44,1,12,12,12,12,0,0,0,0
123,/html/body/div[2]/div[1]/div/div/div/div/div[1]/main/div[2]/div/div[2]/section[2]/ol/li[18]/div,/html/body/div[]/div[]/div/div/div/div/div[]/main/div[]/div/div[]/section[]/ol/li[]/div,17,398,3016,164.3333282470703,876.0,55,1,0,0,0,0,0,0,0,0
124,/html/body/div[2]/div[1]/div/div/div/div/div[1]/main/div[2]/div/div[2]/section[2]/ol/li[18]/div/section/div,/html/body/div[]/div[]/div/div/div/div/div[]/main/div[]/div/div[]/section[]/ol/li[]/div/section/div,19,398,3016,164.3333282470703,292.1499938964844,14,1,0,0,0,0,0,0,0,0
125,/html/body/div[2]/div[1]/div/div/div/div/div[1]/main/div[2]/div/div[2]/section[2]/ol/li[18]/div/div,/html/body/div[]/div[]/div/div/div/div/div[]/main/div[]/div/div[]/section[]/ol/li[]/div/div,18,691,3016,164.3333282470703,583.8499755859375,38,1,12,12,12,12,0,0,0,0
126,/html/body/div[2]/div[1]/div/div/div/div/div[1]/main/div[2]/div/div[2]/section[2]/ol/li[19]/div,/html/body/div[]/div[]/div/div/div/div/div[]/main/div[]/div/div[]/section[]/ol/li[]/div,17,398,3192,164.3333282470703,876.0,59,1,0,0,0,0,0,0,0,0
127,/html/body/div[2]/div[1]/div/div/div/div/div[1]/main/div[2]/div/div[2]/section[2]/ol/li[19]/div/section/div,/html/body/div[]/div[]/div/div/div/div/div[]/main/div[]/div/div[]/section[]/ol/li[]/div/section/div,19,398,3192,164.3333282470703,292.1499938964844,14,1,0,0,0,0,0,0,0,0
128,/html/body/div[2]/div[1]/div/div/div/div/div[1]/main/div[2]/div/div[2]/section[2]/ol/li[19]/div/div,/html/body/div[]/div[]/div/div/div/div/div[]/main/div[]/div/div[]/section[]/ol/li[]/div/div,18,691,3192,164.3333282470703,583.8499755859375,42,1,12,12,12,12,0,0,0,0
129,/html/body/div[2]/div[1]/div/div/div/div/div[1]/main/div[2]/div/div[2]/section[2]/ol/li[20]/div,/html/body/div[]/div[]/div/div/div/div/div[]/main/div[]/div/div[]/section[]/ol/li[]/div,17,398,3369,178.28334045410156,876.0,38,1,0,0,0,0,0,0,0,0
130,/html/body/div[2]/div[1]/div/div/div/div/div[1]/main/div[2]/div/div[2]/section[2]/ol/li[20]/div/section/div,/html/body/div[]/div[]/div/div/div/div/div[]/main/div[]/div/div[]/section[]/ol/li[]/div/section/div,19,398,3369,178.28334045410156,292.1499938964844,14,1,0,0,0,0,0,0,0,0
131,/html/body/div[2]/div[1]/div/div/div/div/div[1]/main/div[2]/div/div[2]/section[2]/ol/li[20]/div/div,/html/body/div[]/div[]/div/div/div/div/div[]/main/div[]/div/div[]/section[]/ol/li[]/div/div,18,691,3369,178.28334045410156,583.8499755859375,21,1,12,12,12,12,0,0,0,0
132,/html/body/div[2]/div[1]/div/div/div/div/div[1]/main/div[2]/div/div[2]/section[2]/ol/li[20]/div/div/div[1],/html/body/div[]/div[]/div/div/div/div/div[]/main/div[]/div/div[]/section[]/ol/li[]/div/div/div[],19,703,3381,108.0,559.8499755859375,6,1,0,0,0,0,0,0,0,0
133,/html/body/div[2]/div[1]/div/div/div/div/div[1]/main/div[2]/div/div[2]/section[2]/ol/li[21]/div,/html/body/div[]/div[]/div/div/div/div/div[]/main/div[]/div/div[]/section[]/ol/li[]/div,17,398,3559,164.3333282470703,876.0,53,1,0,0,0,0,0,0,0,0
134,/html/body/div[2]/div[1]/div/div/div/div/div[1]/main/div[2]/div/div[2]/section[2]/ol/li[21]/div/section/div,/html/body/div[]/div[]/div/div/div/div/div[]/main/div[]/div/div[]/section[]/ol/li[]/div/section/div,19,398,3559,164.3333282470703,292.1499938964844,14,1,0,0,0,0,0,0,0,0
135,/html/body/div[2]/div[1]/div/div/div/div/div[1]/main/div[2]/div/div[2]/section[2]/ol/li[21]/div/div,/html/body/div[]/div[]/div/div/div/div/div[]/main/div[]/div/div[]/section[]/ol/li[]/div/div,18,691,3559,164.3333282470703,583.8499755859375,36,1,12,12,12,12,0,0,0,0
136,/html/body/div[2]/div[1]/div/div/div/div/div[1]/main/div[2]/div/div[2]/section[2]/ol/li[21]/div/div/div[1],/html/body/div[]/div[]/div/div/div/div/div[]/main/div[]/div/div[]/section[]/ol/li[]/div/div/div[],19,703,3571,91.25,559.8499755859375,12,1,0,0,0,0,0,0,0,0
137,/html/body/div[2]/div[1]/div/div/div/div/div[1]/main/div[2]/div/div[2]/section[2]/ol/li[22]/div,/html/body/div[]/div[]/div/div/div/div/div[]/main/div[]/div/div[]/section[]/ol/li[]/div,17,398,3735,164.33334350585938,876.0,55,1,0,0,0,0,0,0,0,0
138,/html/body/div[2]/div[1]/div/div/div/div/div[1]/main/div[2]/div/div[2]/section[2]/ol/li[22]/div/section/div,/html/body/div[]/div[]/div/div/div/div/div[]/main/div[]/div/div[]/section[]/ol/li[]/div/section/div,19,398,3735,164.33334350585938,292.1499938964844,14,1,0,0,0,0,0,0,0,0
139,/html/body/div[2]/div[1]/div/div/div/div/div[1]/main/div[2]/div/div[2]/section[2]/ol/li[22]/div/div,/html/body/div[]/div[]/div/div/div/div/div[]/main/div[]/div/div[]/section[]/ol/li[]/div/div,18,691,3735,164.33334350585938,583.8499755859375,38,1,12,12,12,12,0,0,0,0
140,/html/body/div[2]/div[1]/div/div/div/div/div[1]/main/div[2]/div/div[2]/section[2]/ol/li[22]/div/div/div[1],/html/body/div[]/div[]/div/div/div/div/div[]/main/div[]/div/div[]/section[]/ol/li[]/div/div/div[],19,703,3747,91.25,559.8499755859375,21,1,0,0,0,0,0,0,0,0
141,/html/body/div[2]/div[1]/div/div/footer/div,/html/body/div[]/div[]/div/div/footer/div,8,8,4004,180.0,1333.0,41,1,0,0,0,0,0,0,0,0
142,/html/body/div[2]/div[1]/div/div/footer/div/div,/html/body/div[]/div[]/div/div/footer/div/div,9,8,4004,180.0,1333.0,40,1,0,0,0,0,0,0,0,0
143,/html/body/div[2]/div[1]/div/div/footer/div/div/div,/html/body/div[]/div[]/div/div/footer/div/div/div,10,8,4004,180.0,1333.0,39,0,0,0,0,0,0,0,0,0
