,xpath,reduced_xpath,dom_tree_level,x_position,y_position,height,width,html_children,html_attributes,padding_top,padding_right,padding_bottom,padding_left,margin_top,margin_right,margin_bottom,margin_left,is_search_result
0,/html/body/ytd-app/div,/html/body/ytd-app/div,4,0,56,4560.0,1903.0,2824,2,0,0,0,0,0,0,0,0,False
1,/html/body/ytd-app/div/app-drawer/div[2]/div,/html/body/ytd-app/div/app-drawer/div[]/div,7,0,0,966.0,240.0,318,2,0,0,0,0,0,0,0,0,False
2,/html/body/ytd-app/div/app-drawer/div[2]/div/div[2],/html/body/ytd-app/div/app-drawer/div[]/div/div[],8,0,56,910.0,240.0,316,2,0,0,0,0,0,0,0,0,False
3,/html/body/ytd-app/div/app-drawer/div[2]/div/div[2]/div[2],/html/body/ytd-app/div/app-drawer/div[]/div/div[]/div[],9,0,56,910.0,240.0,284,2,0,0,0,0,0,0,0,0,False
4,/html/body/ytd-app/div/app-drawer/div[2]/div/div[2]/div[2]/ytd-guide-renderer/div[1],/html/body/ytd-app/div/app-drawer/div[]/div/div[]/div[]/ytd-guide-renderer/div[],11,0,56,1140.0,240.0,261,2,0,0,0,0,0,0,0,0,False
5,/html/body/ytd-app/div/app-drawer/div[2]/div/div[2]/div[2]/ytd-guide-renderer/div[1]/ytd-guide-section-renderer[1]/div,/html/body/ytd-app/div/app-drawer/div[]/div/div[]/div[]/ytd-guide-renderer/div[]/ytd-guide-section-renderer[]/div,13,0,68,120.0,240.0,36,2,0,0,0,0,0,0,0,0,False
6,/html/body/ytd-app/div/app-drawer/div[2]/div/div[2]/div[2]/ytd-guide-renderer/div[1]/ytd-guide-section-renderer[2]/div,/html/body/ytd-app/div/app-drawer/div[]/div/div[]/div[]/ytd-guide-renderer/div[]/ytd-guide-section-renderer[]/div,13,0,209,80.0,240.0,25,2,0,0,0,0,0,0,0,0,False
7,/html/body/ytd-app/div/app-drawer/div[2]/div/div[2]/div[2]/ytd-guide-renderer/div[1]/ytd-guide-section-renderer[3]/div,/html/body/ytd-app/div/app-drawer/div[]/div/div[]/div[]/ytd-guide-renderer/div[]/ytd-guide-section-renderer[]/div,13,0,504,320.0,240.0,80,2,0,0,0,0,0,0,0,0,False
8,/html/body/ytd-app/div/app-drawer/div[2]/div/div[2]/div[2]/ytd-guide-renderer/div[1]/ytd-guide-section-renderer[5]/div,/html/body/ytd-app/div/app-drawer/div[]/div/div[]/div[]/ytd-guide-renderer/div[]/ytd-guide-section-renderer[]/div,13,0,931,80.0,240.0,25,2,0,0,0,0,0,0,0,0,False
9,/html/body/ytd-app/div/app-drawer/div[2]/div/div[2]/div[2]/ytd-guide-renderer/div[1]/ytd-guide-section-renderer[6]/div,/html/body/ytd-app/div/app-drawer/div[]/div/div[]/div[]/ytd-guide-renderer/div[]/ytd-guide-section-renderer[]/div,13,0,1028,160.0,240.0,49,2,0,0,0,0,0,0,0,0,False
10,/html/body/ytd-app/div/app-drawer/div[2]/div/div[2]/div[2]/ytd-guide-renderer/div[2],/html/body/ytd-app/div/app-drawer/div[]/div/div[]/div[]/ytd-guide-renderer/div[],11,0,1196,257.0,240.0,18,2,0,0,0,0,0,0,0,0,False
11,/html/body/ytd-app/div/app-drawer/div[2]/div/div[2]/div[2]/ytd-guide-renderer/div[2]/div[1],/html/body/ytd-app/div/app-drawer/div[]/div/div[]/div[]/ytd-guide-renderer/div[]/div[],12,0,1196,89.0,240.0,7,2,16,24,0,24,0,0,0,0,False
12,/html/body/ytd-app/div/app-drawer/div[2]/div/div[2]/div[2]/ytd-guide-renderer/div[2]/div[2],/html/body/ytd-app/div/app-drawer/div[]/div/div[]/div[]/ytd-guide-renderer/div[]/div[],12,0,1285,84.0,240.0,5,2,12,24,0,24,0,0,0,0,False
13,/html/body/ytd-app/div/ytd-page-manager/ytd-search/div[1],/html/body/ytd-app/div/ytd-page-manager/ytd-search/div[],7,264,72,4528.0,1615.0,2106,2,0,0,0,0,0,0,0,0,False
14,/html/body/ytd-app/div/ytd-page-manager/ytd-search/div[1]/ytd-two-column-search-results-renderer/div,/html/body/ytd-app/div/ytd-page-manager/ytd-search/div[]/ytd-two-column-search-results-renderer/div,9,432,72,4528.0,855.0,1917,2,0,0,0,0,0,0,0,0,False
15,/html/body/ytd-app/div/ytd-page-manager/ytd-search/div[1]/ytd-two-column-search-results-renderer/div/ytd-section-list-renderer/div[2],/html/body/ytd-app/div/ytd-page-manager/ytd-search/div[]/ytd-two-column-search-results-renderer/div/ytd-section-list-renderer/div[],11,432,109,4491.0,855.0,1890,2,0,0,0,0,0,0,0,0,False
16,/html/body/ytd-app/div/ytd-page-manager/ytd-search/div[1]/ytd-two-column-search-results-renderer/div/ytd-section-list-renderer/div[2]/ytd-item-section-renderer/div[3],/html/body/ytd-app/div/ytd-page-manager/ytd-search/div[]/ytd-two-column-search-results-renderer/div/ytd-section-list-renderer/div[]/ytd-item-section-renderer/div[],13,432,125,4399.0,855.0,1854,2,0,0,0,0,0,0,0,0,False
17,/html/body/ytd-app/div/ytd-page-manager/ytd-search/div[1]/ytd-two-column-search-results-renderer/div/ytd-section-list-renderer/div[2]/ytd-item-section-renderer/div[3]/ytd-channel-renderer/div,/html/body/ytd-app/div/ytd-page-manager/ytd-search/div[]/ytd-two-column-search-results-renderer/div/ytd-section-list-renderer/div[]/ytd-item-section-renderer/div[]/ytd-channel-renderer/div,15,432,125,136.0,855.0,30,2,0,0,0,0,0,0,0,0,False
18,/html/body/ytd-app/div/ytd-page-manager/ytd-search/div[1]/ytd-two-column-search-results-renderer/div/ytd-section-list-renderer/div[2]/ytd-item-section-renderer/div[3]/ytd-channel-renderer/div/div[1],/html/body/ytd-app/div/ytd-page-manager/ytd-search/div[]/ytd-two-column-search-results-renderer/div/ytd-section-list-renderer/div[]/ytd-item-section-renderer/div[]/ytd-channel-renderer/div/div[],16,432,125,136.0,246.0,4,2,0,0,0,0,0,0,0,0,False
19,/html/body/ytd-app/div/ytd-page-manager/ytd-search/div[1]/ytd-two-column-search-results-renderer/div/ytd-section-list-renderer/div[2]/ytd-item-section-renderer/div[3]/ytd-channel-renderer/div/div[1]/a/div,/html/body/ytd-app/div/ytd-page-manager/ytd-search/div[]/ytd-two-column-search-results-renderer/div/ytd-section-list-renderer/div[]/ytd-item-section-renderer/div[]/ytd-channel-renderer/div/div[]/a/div,18,432,125,136.0,246.0,2,2,0,0,0,0,0,0,0,0,False
20,/html/body/ytd-app/div/ytd-page-manager/ytd-search/div[1]/ytd-two-column-search-results-renderer/div/ytd-section-list-renderer/div[2]/ytd-item-section-renderer/div[3]/ytd-channel-renderer/div/div[2],/html/body/ytd-app/div/ytd-page-manager/ytd-search/div[]/ytd-two-column-search-results-renderer/div/ytd-section-list-renderer/div[]/ytd-item-section-renderer/div[]/ytd-channel-renderer/div/div[],16,678,125,136.0,609.0,24,2,0,0,0,0,0,0,0,0,False
21,/html/body/ytd-app/div/ytd-page-manager/ytd-search/div[1]/ytd-two-column-search-results-renderer/div/ytd-section-list-renderer/div[2]/ytd-item-section-renderer/div[3]/ytd-channel-renderer/div/div[2]/a/div[1],/html/body/ytd-app/div/ytd-page-manager/ytd-search/div[]/ytd-two-column-search-results-renderer/div/ytd-section-list-renderer/div[]/ytd-item-section-renderer/div[]/ytd-channel-renderer/div/div[]/a/div[],18,678,125,136.0,491.26666259765625,15,2,0,16,16,16,0,0,0,0,False
22,/html/body/ytd-app/div/ytd-page-manager/ytd-search/div[1]/ytd-two-column-search-results-renderer/div/ytd-section-list-renderer/div[2]/ytd-item-section-renderer/div[3]/ytd-channel-renderer/div/div[2]/div,/html/body/ytd-app/div/ytd-page-manager/ytd-search/div[]/ytd-two-column-search-results-renderer/div/ytd-section-list-renderer/div[]/ytd-item-section-renderer/div[]/ytd-channel-renderer/div/div[]/div,17,1169,125,136.0,117.73333740234376,4,2,0,0,16,0,0,0,0,0,False
23,/html/body/ytd-app/div/ytd-page-manager/ytd-search/div[1]/ytd-two-column-search-results-renderer/div/ytd-section-list-renderer/div[2]/ytd-item-section-renderer/div[3]/ytd-shelf-renderer[1]/div[1],/html/body/ytd-app/div/ytd-page-manager/ytd-search/div[]/ytd-two-column-search-results-renderer/div/ytd-section-list-renderer/div[]/ytd-item-section-renderer/div[]/ytd-shelf-renderer[]/div[],15,432,286,431.0,855.0,160,2,0,0,0,0,0,0,0,0,False
24,/html/body/ytd-app/div/ytd-page-manager/ytd-search/div[1]/ytd-two-column-search-results-renderer/div/ytd-section-list-renderer/div[2]/ytd-item-section-renderer/div[3]/ytd-shelf-renderer[1]/div[1]/div[2],/html/body/ytd-app/div/ytd-page-manager/ytd-search/div[]/ytd-two-column-search-results-renderer/div/ytd-section-list-renderer/div[]/ytd-item-section-renderer/div[]/ytd-shelf-renderer[]/div[]/div[],16,432,354,363.0,855.0,142,2,0,0,0,0,24,0,0,0,False
25,/html/body/ytd-app/div/ytd-page-manager/ytd-search/div[1]/ytd-two-column-search-results-renderer/div/ytd-section-list-renderer/div[2]/ytd-item-section-renderer/div[3]/ytd-shelf-renderer[1]/div[1]/div[2]/ytd-vertical-list-renderer/div[1],/html/body/ytd-app/div/ytd-page-manager/ytd-search/div[]/ytd-two-column-search-results-renderer/div/ytd-section-list-renderer/div[]/ytd-item-section-renderer/div[]/ytd-shelf-renderer[]/div[]/div[]/ytd-vertical-list-renderer/div[],18,432,354,300.0,855.0,132,2,0,0,0,0,0,0,0,0,False
26,/html/body/ytd-app/div/ytd-page-manager/ytd-search/div[1]/ytd-two-column-search-results-renderer/div/ytd-section-list-renderer/div[2]/ytd-item-section-renderer/div[3]/ytd-shelf-renderer[1]/div[1]/div[2]/ytd-vertical-list-renderer/div[1]/ytd-video-renderer[1]/div[1],/html/body/ytd-app/div/ytd-page-manager/ytd-search/div[]/ytd-two-column-search-results-renderer/div/ytd-section-list-renderer/div[]/ytd-item-section-renderer/div[]/ytd-shelf-renderer[]/div[]/div[]/ytd-vertical-list-renderer/div[]/ytd-video-renderer[]/div[],20,432,354,138.0,855.0,63,2,0,0,0,0,0,0,0,0,True
27,/html/body/ytd-app/div/ytd-page-manager/ytd-search/div[1]/ytd-two-column-search-results-renderer/div/ytd-section-list-renderer/div[2]/ytd-item-section-renderer/div[3]/ytd-shelf-renderer[1]/div[1]/div[2]/ytd-vertical-list-renderer/div[1]/ytd-video-renderer[1]/div[1]/div,/html/body/ytd-app/div/ytd-page-manager/ytd-search/div[]/ytd-two-column-search-results-renderer/div/ytd-section-list-renderer/div[]/ytd-item-section-renderer/div[]/ytd-shelf-renderer[]/div[]/div[]/ytd-vertical-list-renderer/div[]/ytd-video-renderer[]/div[]/div,21,694,354,138.0,593.0,50,1,0,0,0,0,0,0,0,0,False
28,/html/body/ytd-app/div/ytd-page-manager/ytd-search/div[1]/ytd-two-column-search-results-renderer/div/ytd-section-list-renderer/div[2]/ytd-item-section-renderer/div[3]/ytd-shelf-renderer[1]/div[1]/div[2]/ytd-vertical-list-renderer/div[1]/ytd-video-renderer[2]/div[1],/html/body/ytd-app/div/ytd-page-manager/ytd-search/div[]/ytd-two-column-search-results-renderer/div/ytd-section-list-renderer/div[]/ytd-item-section-renderer/div[]/ytd-shelf-renderer[]/div[]/div[]/ytd-vertical-list-renderer/div[]/ytd-video-renderer[]/div[],20,432,516,138.0,855.0,63,2,0,0,0,0,0,0,0,0,True
29,/html/body/ytd-app/div/ytd-page-manager/ytd-search/div[1]/ytd-two-column-search-results-renderer/div/ytd-section-list-renderer/div[2]/ytd-item-section-renderer/div[3]/ytd-shelf-renderer[1]/div[1]/div[2]/ytd-vertical-list-renderer/div[1]/ytd-video-renderer[2]/div[1]/div,/html/body/ytd-app/div/ytd-page-manager/ytd-search/div[]/ytd-two-column-search-results-renderer/div/ytd-section-list-renderer/div[]/ytd-item-section-renderer/div[]/ytd-shelf-renderer[]/div[]/div[]/ytd-vertical-list-renderer/div[]/ytd-video-renderer[]/div[]/div,21,694,516,138.0,593.0,50,1,0,0,0,0,0,0,0,0,False
30,/html/body/ytd-app/div/ytd-page-manager/ytd-search/div[1]/ytd-two-column-search-results-renderer/div/ytd-section-list-renderer/div[2]/ytd-item-section-renderer/div[3]/ytd-video-renderer[1]/div[1],/html/body/ytd-app/div/ytd-page-manager/ytd-search/div[]/ytd-two-column-search-results-renderer/div/ytd-section-list-renderer/div[]/ytd-item-section-renderer/div[]/ytd-video-renderer[]/div[],15,432,734,138.0,855.0,88,2,0,0,0,0,0,0,0,0,True
31,/html/body/ytd-app/div/ytd-page-manager/ytd-search/div[1]/ytd-two-column-search-results-renderer/div/ytd-section-list-renderer/div[2]/ytd-item-section-renderer/div[3]/ytd-video-renderer[1]/div[1]/div,/html/body/ytd-app/div/ytd-page-manager/ytd-search/div[]/ytd-two-column-search-results-renderer/div/ytd-section-list-renderer/div[]/ytd-item-section-renderer/div[]/ytd-video-renderer[]/div[]/div,16,694,734,138.0,593.0,75,1,0,0,0,0,0,0,0,0,False
32,/html/body/ytd-app/div/ytd-page-manager/ytd-search/div[1]/ytd-two-column-search-results-renderer/div/ytd-section-list-renderer/div[2]/ytd-item-section-renderer/div[3]/ytd-video-renderer[2]/div[1],/html/body/ytd-app/div/ytd-page-manager/ytd-search/div[]/ytd-two-column-search-results-renderer/div/ytd-section-list-renderer/div[]/ytd-item-section-renderer/div[]/ytd-video-renderer[]/div[],15,432,888,138.0,855.0,63,2,0,0,0,0,0,0,0,0,True
33,/html/body/ytd-app/div/ytd-page-manager/ytd-search/div[1]/ytd-two-column-search-results-renderer/div/ytd-section-list-renderer/div[2]/ytd-item-section-renderer/div[3]/ytd-video-renderer[2]/div[1]/div,/html/body/ytd-app/div/ytd-page-manager/ytd-search/div[]/ytd-two-column-search-results-renderer/div/ytd-section-list-renderer/div[]/ytd-item-section-renderer/div[]/ytd-video-renderer[]/div[]/div,16,694,888,138.0,593.0,50,1,0,0,0,0,0,0,0,0,False
34,/html/body/ytd-app/div/ytd-page-manager/ytd-search/div[1]/ytd-two-column-search-results-renderer/div/ytd-section-list-renderer/div[2]/ytd-item-section-renderer/div[3]/ytd-video-renderer[3]/div[1],/html/body/ytd-app/div/ytd-page-manager/ytd-search/div[]/ytd-two-column-search-results-renderer/div/ytd-section-list-renderer/div[]/ytd-item-section-renderer/div[]/ytd-video-renderer[]/div[],15,432,1042,138.0,855.0,65,2,0,0,0,0,0,0,0,0,True
35,/html/body/ytd-app/div/ytd-page-manager/ytd-search/div[1]/ytd-two-column-search-results-renderer/div/ytd-section-list-renderer/div[2]/ytd-item-section-renderer/div[3]/ytd-video-renderer[3]/div[1]/div,/html/body/ytd-app/div/ytd-page-manager/ytd-search/div[]/ytd-two-column-search-results-renderer/div/ytd-section-list-renderer/div[]/ytd-item-section-renderer/div[]/ytd-video-renderer[]/div[]/div,16,694,1042,138.0,593.0,52,1,0,0,0,0,0,0,0,0,False
36,/html/body/ytd-app/div/ytd-page-manager/ytd-search/div[1]/ytd-two-column-search-results-renderer/div/ytd-section-list-renderer/div[2]/ytd-item-section-renderer/div[3]/ytd-video-renderer[4]/div[1],/html/body/ytd-app/div/ytd-page-manager/ytd-search/div[]/ytd-two-column-search-results-renderer/div/ytd-section-list-renderer/div[]/ytd-item-section-renderer/div[]/ytd-video-renderer[]/div[],15,432,1196,138.0,855.0,66,2,0,0,0,0,0,0,0,0,True
37,/html/body/ytd-app/div/ytd-page-manager/ytd-search/div[1]/ytd-two-column-search-results-renderer/div/ytd-section-list-renderer/div[2]/ytd-item-section-renderer/div[3]/ytd-video-renderer[4]/div[1]/div,/html/body/ytd-app/div/ytd-page-manager/ytd-search/div[]/ytd-two-column-search-results-renderer/div/ytd-section-list-renderer/div[]/ytd-item-section-renderer/div[]/ytd-video-renderer[]/div[]/div,16,694,1196,138.0,593.0,53,1,0,0,0,0,0,0,0,0,False
38,/html/body/ytd-app/div/ytd-page-manager/ytd-search/div[1]/ytd-two-column-search-results-renderer/div/ytd-section-list-renderer/div[2]/ytd-item-section-renderer/div[3]/ytd-video-renderer[5]/div[1],/html/body/ytd-app/div/ytd-page-manager/ytd-search/div[]/ytd-two-column-search-results-renderer/div/ytd-section-list-renderer/div[]/ytd-item-section-renderer/div[]/ytd-video-renderer[]/div[],15,432,1350,138.0,855.0,66,2,0,0,0,0,0,0,0,0,True
39,/html/body/ytd-app/div/ytd-page-manager/ytd-search/div[1]/ytd-two-column-search-results-renderer/div/ytd-section-list-renderer/div[2]/ytd-item-section-renderer/div[3]/ytd-video-renderer[5]/div[1]/div,/html/body/ytd-app/div/ytd-page-manager/ytd-search/div[]/ytd-two-column-search-results-renderer/div/ytd-section-list-renderer/div[]/ytd-item-section-renderer/div[]/ytd-video-renderer[]/div[]/div,16,694,1350,138.0,593.0,53,1,0,0,0,0,0,0,0,0,False
40,/html/body/ytd-app/div/ytd-page-manager/ytd-search/div[1]/ytd-two-column-search-results-renderer/div/ytd-section-list-renderer/div[2]/ytd-item-section-renderer/div[3]/ytd-video-renderer[6]/div[1],/html/body/ytd-app/div/ytd-page-manager/ytd-search/div[]/ytd-two-column-search-results-renderer/div/ytd-section-list-renderer/div[]/ytd-item-section-renderer/div[]/ytd-video-renderer[]/div[],15,432,1504,138.0,855.0,83,2,0,0,0,0,0,0,0,0,True
41,/html/body/ytd-app/div/ytd-page-manager/ytd-search/div[1]/ytd-two-column-search-results-renderer/div/ytd-section-list-renderer/div[2]/ytd-item-section-renderer/div[3]/ytd-video-renderer[6]/div[1]/div,/html/body/ytd-app/div/ytd-page-manager/ytd-search/div[]/ytd-two-column-search-results-renderer/div/ytd-section-list-renderer/div[]/ytd-item-section-renderer/div[]/ytd-video-renderer[]/div[]/div,16,694,1504,138.0,593.0,70,1,0,0,0,0,0,0,0,0,False
42,/html/body/ytd-app/div/ytd-page-manager/ytd-search/div[1]/ytd-two-column-search-results-renderer/div/ytd-section-list-renderer/div[2]/ytd-item-section-renderer/div[3]/ytd-video-renderer[7]/div[1],/html/body/ytd-app/div/ytd-page-manager/ytd-search/div[]/ytd-two-column-search-results-renderer/div/ytd-section-list-renderer/div[]/ytd-item-section-renderer/div[]/ytd-video-renderer[]/div[],15,432,1658,138.0,855.0,63,2,0,0,0,0,0,0,0,0,True
43,/html/body/ytd-app/div/ytd-page-manager/ytd-search/div[1]/ytd-two-column-search-results-renderer/div/ytd-section-list-renderer/div[2]/ytd-item-section-renderer/div[3]/ytd-video-renderer[7]/div[1]/div,/html/body/ytd-app/div/ytd-page-manager/ytd-search/div[]/ytd-two-column-search-results-renderer/div/ytd-section-list-renderer/div[]/ytd-item-section-renderer/div[]/ytd-video-renderer[]/div[]/div,16,694,1658,138.0,593.0,50,1,0,0,0,0,0,0,0,0,False
44,/html/body/ytd-app/div/ytd-page-manager/ytd-search/div[1]/ytd-two-column-search-results-renderer/div/ytd-section-list-renderer/div[2]/ytd-item-section-renderer/div[3]/ytd-video-renderer[8]/div[1],/html/body/ytd-app/div/ytd-page-manager/ytd-search/div[]/ytd-two-column-search-results-renderer/div/ytd-section-list-renderer/div[]/ytd-item-section-renderer/div[]/ytd-video-renderer[]/div[],15,432,1812,138.0,855.0,63,2,0,0,0,0,0,0,0,0,True
45,/html/body/ytd-app/div/ytd-page-manager/ytd-search/div[1]/ytd-two-column-search-results-renderer/div/ytd-section-list-renderer/div[2]/ytd-item-section-renderer/div[3]/ytd-video-renderer[8]/div[1]/div,/html/body/ytd-app/div/ytd-page-manager/ytd-search/div[]/ytd-two-column-search-results-renderer/div/ytd-section-list-renderer/div[]/ytd-item-section-renderer/div[]/ytd-video-renderer[]/div[]/div,16,694,1812,138.0,593.0,50,1,0,0,0,0,0,0,0,0,False
46,/html/body/ytd-app/div/ytd-page-manager/ytd-search/div[1]/ytd-two-column-search-results-renderer/div/ytd-section-list-renderer/div[2]/ytd-item-section-renderer/div[3]/ytd-video-renderer[9]/div[1],/html/body/ytd-app/div/ytd-page-manager/ytd-search/div[]/ytd-two-column-search-results-renderer/div/ytd-section-list-renderer/div[]/ytd-item-section-renderer/div[]/ytd-video-renderer[]/div[],15,432,1966,138.0,855.0,66,2,0,0,0,0,0,0,0,0,True
47,/html/body/ytd-app/div/ytd-page-manager/ytd-search/div[1]/ytd-two-column-search-results-renderer/div/ytd-section-list-renderer/div[2]/ytd-item-section-renderer/div[3]/ytd-video-renderer[9]/div[1]/div,/html/body/ytd-app/div/ytd-page-manager/ytd-search/div[]/ytd-two-column-search-results-renderer/div/ytd-section-list-renderer/div[]/ytd-item-section-renderer/div[]/ytd-video-renderer[]/div[]/div,16,694,1966,138.0,593.0,53,1,0,0,0,0,0,0,0,0,False
48,/html/body/ytd-app/div/ytd-page-manager/ytd-search/div[1]/ytd-two-column-search-results-renderer/div/ytd-section-list-renderer/div[2]/ytd-item-section-renderer/div[3]/ytd-shelf-renderer[2]/div[1],/html/body/ytd-app/div/ytd-page-manager/ytd-search/div[]/ytd-two-column-search-results-renderer/div/ytd-section-list-renderer/div[]/ytd-item-section-renderer/div[]/ytd-shelf-renderer[]/div[],15,432,2129,593.0,855.0,226,2,0,0,0,0,0,0,0,0,False
49,/html/body/ytd-app/div/ytd-page-manager/ytd-search/div[1]/ytd-two-column-search-results-renderer/div/ytd-section-list-renderer/div[2]/ytd-item-section-renderer/div[3]/ytd-shelf-renderer[2]/div[1]/div[2],/html/body/ytd-app/div/ytd-page-manager/ytd-search/div[]/ytd-two-column-search-results-renderer/div/ytd-section-list-renderer/div[]/ytd-item-section-renderer/div[]/ytd-shelf-renderer[]/div[]/div[],16,432,2197,525.0,855.0,208,2,0,0,0,0,24,0,0,0,False
50,/html/body/ytd-app/div/ytd-page-manager/ytd-search/div[1]/ytd-two-column-search-results-renderer/div/ytd-section-list-renderer/div[2]/ytd-item-section-renderer/div[3]/ytd-shelf-renderer[2]/div[1]/div[2]/ytd-vertical-list-renderer/div[1],/html/body/ytd-app/div/ytd-page-manager/ytd-search/div[]/ytd-two-column-search-results-renderer/div/ytd-section-list-renderer/div[]/ytd-item-section-renderer/div[]/ytd-shelf-renderer[]/div[]/div[]/ytd-vertical-list-renderer/div[],18,432,2197,462.0,855.0,198,2,0,0,0,0,0,0,0,0,False
51,/html/body/ytd-app/div/ytd-page-manager/ytd-search/div[1]/ytd-two-column-search-results-renderer/div/ytd-section-list-renderer/div[2]/ytd-item-section-renderer/div[3]/ytd-shelf-renderer[2]/div[1]/div[2]/ytd-vertical-list-renderer/div[1]/ytd-video-renderer[1]/div[1],/html/body/ytd-app/div/ytd-page-manager/ytd-search/div[]/ytd-two-column-search-results-renderer/div/ytd-section-list-renderer/div[]/ytd-item-section-renderer/div[]/ytd-shelf-renderer[]/div[]/div[]/ytd-vertical-list-renderer/div[]/ytd-video-renderer[]/div[],20,432,2197,138.0,855.0,63,2,0,0,0,0,0,0,0,0,True
52,/html/body/ytd-app/div/ytd-page-manager/ytd-search/div[1]/ytd-two-column-search-results-renderer/div/ytd-section-list-renderer/div[2]/ytd-item-section-renderer/div[3]/ytd-shelf-renderer[2]/div[1]/div[2]/ytd-vertical-list-renderer/div[1]/ytd-video-renderer[1]/div[1]/div,/html/body/ytd-app/div/ytd-page-manager/ytd-search/div[]/ytd-two-column-search-results-renderer/div/ytd-section-list-renderer/div[]/ytd-item-section-renderer/div[]/ytd-shelf-renderer[]/div[]/div[]/ytd-vertical-list-renderer/div[]/ytd-video-renderer[]/div[]/div,21,694,2197,138.0,593.0,50,1,0,0,0,0,0,0,0,0,False
53,/html/body/ytd-app/div/ytd-page-manager/ytd-search/div[1]/ytd-two-column-search-results-renderer/div/ytd-section-list-renderer/div[2]/ytd-item-section-renderer/div[3]/ytd-shelf-renderer[2]/div[1]/div[2]/ytd-vertical-list-renderer/div[1]/ytd-video-renderer[2]/div[1],/html/body/ytd-app/div/ytd-page-manager/ytd-search/div[]/ytd-two-column-search-results-renderer/div/ytd-section-list-renderer/div[]/ytd-item-section-renderer/div[]/ytd-shelf-renderer[]/div[]/div[]/ytd-vertical-list-renderer/div[]/ytd-video-renderer[]/div[],20,432,2359,138.0,855.0,63,2,0,0,0,0,0,0,0,0,True
54,/html/body/ytd-app/div/ytd-page-manager/ytd-search/div[1]/ytd-two-column-search-results-renderer/div/ytd-section-list-renderer/div[2]/ytd-item-section-renderer/div[3]/ytd-shelf-renderer[2]/div[1]/div[2]/ytd-vertical-list-renderer/div[1]/ytd-video-renderer[2]/div[1]/div,/html/body/ytd-app/div/ytd-page-manager/ytd-search/div[]/ytd-two-column-search-results-renderer/div/ytd-section-list-renderer/div[]/ytd-item-section-renderer/div[]/ytd-shelf-renderer[]/div[]/div[]/ytd-vertical-list-renderer/div[]/ytd-video-renderer[]/div[]/div,21,694,2359,138.0,593.0,50,1,0,0,0,0,0,0,0,0,False
55,/html/body/ytd-app/div/ytd-page-manager/ytd-search/div[1]/ytd-two-column-search-results-renderer/div/ytd-section-list-renderer/div[2]/ytd-item-section-renderer/div[3]/ytd-shelf-renderer[2]/div[1]/div[2]/ytd-vertical-list-renderer/div[1]/ytd-video-renderer[3]/div[1],/html/body/ytd-app/div/ytd-page-manager/ytd-search/div[]/ytd-two-column-search-results-renderer/div/ytd-section-list-renderer/div[]/ytd-item-section-renderer/div[]/ytd-shelf-renderer[]/div[]/div[]/ytd-vertical-list-renderer/div[]/ytd-video-renderer[]/div[],20,432,2521,138.0,855.0,63,2,0,0,0,0,0,0,0,0,True
56,/html/body/ytd-app/div/ytd-page-manager/ytd-search/div[1]/ytd-two-column-search-results-renderer/div/ytd-section-list-renderer/div[2]/ytd-item-section-renderer/div[3]/ytd-shelf-renderer[2]/div[1]/div[2]/ytd-vertical-list-renderer/div[1]/ytd-video-renderer[3]/div[1]/div,/html/body/ytd-app/div/ytd-page-manager/ytd-search/div[]/ytd-two-column-search-results-renderer/div/ytd-section-list-renderer/div[]/ytd-item-section-renderer/div[]/ytd-shelf-renderer[]/div[]/div[]/ytd-vertical-list-renderer/div[]/ytd-video-renderer[]/div[]/div,21,694,2521,138.0,593.0,50,1,0,0,0,0,0,0,0,0,False
57,/html/body/ytd-app/div/ytd-page-manager/ytd-search/div[1]/ytd-two-column-search-results-renderer/div/ytd-section-list-renderer/div[2]/ytd-item-section-renderer/div[3]/ytd-video-renderer[10]/div[1],/html/body/ytd-app/div/ytd-page-manager/ytd-search/div[]/ytd-two-column-search-results-renderer/div/ytd-section-list-renderer/div[]/ytd-item-section-renderer/div[]/ytd-video-renderer[]/div[],15,432,2739,138.0,855.0,66,2,0,0,0,0,0,0,0,0,True
58,/html/body/ytd-app/div/ytd-page-manager/ytd-search/div[1]/ytd-two-column-search-results-renderer/div/ytd-section-list-renderer/div[2]/ytd-item-section-renderer/div[3]/ytd-video-renderer[10]/div[1]/div,/html/body/ytd-app/div/ytd-page-manager/ytd-search/div[]/ytd-two-column-search-results-renderer/div/ytd-section-list-renderer/div[]/ytd-item-section-renderer/div[]/ytd-video-renderer[]/div[]/div,16,694,2739,138.0,593.0,53,1,0,0,0,0,0,0,0,0,False
59,/html/body/ytd-app/div/ytd-page-manager/ytd-search/div[1]/ytd-two-column-search-results-renderer/div/ytd-section-list-renderer/div[2]/ytd-item-section-renderer/div[3]/ytd-video-renderer[11]/div[1],/html/body/ytd-app/div/ytd-page-manager/ytd-search/div[]/ytd-two-column-search-results-renderer/div/ytd-section-list-renderer/div[]/ytd-item-section-renderer/div[]/ytd-video-renderer[]/div[],15,432,2893,138.0,855.0,63,2,0,0,0,0,0,0,0,0,True
60,/html/body/ytd-app/div/ytd-page-manager/ytd-search/div[1]/ytd-two-column-search-results-renderer/div/ytd-section-list-renderer/div[2]/ytd-item-section-renderer/div[3]/ytd-video-renderer[11]/div[1]/div,/html/body/ytd-app/div/ytd-page-manager/ytd-search/div[]/ytd-two-column-search-results-renderer/div/ytd-section-list-renderer/div[]/ytd-item-section-renderer/div[]/ytd-video-renderer[]/div[]/div,16,694,2893,138.0,593.0,50,1,0,0,0,0,0,0,0,0,False
61,/html/body/ytd-app/div/ytd-page-manager/ytd-search/div[1]/ytd-two-column-search-results-renderer/div/ytd-section-list-renderer/div[2]/ytd-item-section-renderer/div[3]/ytd-horizontal-card-list-renderer/div[2],/html/body/ytd-app/div/ytd-page-manager/ytd-search/div[]/ytd-two-column-search-results-renderer/div/ytd-section-list-renderer/div[]/ytd-item-section-renderer/div[]/ytd-horizontal-card-list-renderer/div[],15,432,3112,147.0,855.0,65,2,0,0,0,0,0,0,0,0,False
62,/html/body/ytd-app/div/ytd-page-manager/ytd-search/div[1]/ytd-two-column-search-results-renderer/div/ytd-section-list-renderer/div[2]/ytd-item-section-renderer/div[3]/ytd-horizontal-card-list-renderer/div[2]/div[2],/html/body/ytd-app/div/ytd-page-manager/ytd-search/div[]/ytd-two-column-search-results-renderer/div/ytd-section-list-renderer/div[]/ytd-item-section-renderer/div[]/ytd-horizontal-card-list-renderer/div[]/div[],16,432,3112,147.0,855.0,50,2,0,0,0,0,0,0,0,0,False
63,/html/body/ytd-app/div/ytd-page-manager/ytd-search/div[1]/ytd-two-column-search-results-renderer/div/ytd-section-list-renderer/div[2]/ytd-item-section-renderer/div[3]/ytd-horizontal-card-list-renderer/div[2]/div[2]/div,/html/body/ytd-app/div/ytd-page-manager/ytd-search/div[]/ytd-two-column-search-results-renderer/div/ytd-section-list-renderer/div[]/ytd-item-section-renderer/div[]/ytd-horizontal-card-list-renderer/div[]/div[]/div,17,432,3112,147.0,1134.0,49,3,0,0,0,0,0,0,0,0,False
64,/html/body/ytd-app/div/ytd-page-manager/ytd-search/div[1]/ytd-two-column-search-results-renderer/div/ytd-section-list-renderer/div[2]/ytd-item-section-renderer/div[3]/ytd-horizontal-card-list-renderer/div[2]/div[2]/div/ytd-search-refinement-card-renderer[1]/a/div[1],/html/body/ytd-app/div/ytd-page-manager/ytd-search/div[]/ytd-two-column-search-results-renderer/div/ytd-section-list-renderer/div[]/ytd-item-section-renderer/div[]/ytd-horizontal-card-list-renderer/div[]/div[]/div/ytd-search-refinement-card-renderer[]/a/div[],20,432,3113,88.0,156.0,2,2,0,0,0,0,0,0,2,0,False
65,/html/body/ytd-app/div/ytd-page-manager/ytd-search/div[1]/ytd-two-column-search-results-renderer/div/ytd-section-list-renderer/div[2]/ytd-item-section-renderer/div[3]/ytd-horizontal-card-list-renderer/div[2]/div[2]/div/ytd-search-refinement-card-renderer[2]/a/div[1],/html/body/ytd-app/div/ytd-page-manager/ytd-search/div[]/ytd-two-column-search-results-renderer/div/ytd-section-list-renderer/div[]/ytd-item-section-renderer/div[]/ytd-horizontal-card-list-renderer/div[]/div[]/div/ytd-search-refinement-card-renderer[]/a/div[],20,594,3113,88.0,156.0,2,2,0,0,0,0,0,0,2,0,False
66,/html/body/ytd-app/div/ytd-page-manager/ytd-search/div[1]/ytd-two-column-search-results-renderer/div/ytd-section-list-renderer/div[2]/ytd-item-section-renderer/div[3]/ytd-horizontal-card-list-renderer/div[2]/div[2]/div/ytd-search-refinement-card-renderer[3]/a/div[1],/html/body/ytd-app/div/ytd-page-manager/ytd-search/div[]/ytd-two-column-search-results-renderer/div/ytd-section-list-renderer/div[]/ytd-item-section-renderer/div[]/ytd-horizontal-card-list-renderer/div[]/div[]/div/ytd-search-refinement-card-renderer[]/a/div[],20,756,3113,88.0,156.0,2,2,0,0,0,0,0,0,2,0,False
67,/html/body/ytd-app/div/ytd-page-manager/ytd-search/div[1]/ytd-two-column-search-results-renderer/div/ytd-section-list-renderer/div[2]/ytd-item-section-renderer/div[3]/ytd-horizontal-card-list-renderer/div[2]/div[2]/div/ytd-search-refinement-card-renderer[4]/a/div[1],/html/body/ytd-app/div/ytd-page-manager/ytd-search/div[]/ytd-two-column-search-results-renderer/div/ytd-section-list-renderer/div[]/ytd-item-section-renderer/div[]/ytd-horizontal-card-list-renderer/div[]/div[]/div/ytd-search-refinement-card-renderer[]/a/div[],20,918,3113,88.0,156.0,2,2,0,0,0,0,0,0,2,0,False
68,/html/body/ytd-app/div/ytd-page-manager/ytd-search/div[1]/ytd-two-column-search-results-renderer/div/ytd-section-list-renderer/div[2]/ytd-item-section-renderer/div[3]/ytd-horizontal-card-list-renderer/div[2]/div[2]/div/ytd-search-refinement-card-renderer[5]/a/div[1],/html/body/ytd-app/div/ytd-page-manager/ytd-search/div[]/ytd-two-column-search-results-renderer/div/ytd-section-list-renderer/div[]/ytd-item-section-renderer/div[]/ytd-horizontal-card-list-renderer/div[]/div[]/div/ytd-search-refinement-card-renderer[]/a/div[],20,1080,3113,88.0,156.0,2,2,0,0,0,0,0,0,2,0,False
69,/html/body/ytd-app/div/ytd-page-manager/ytd-search/div[1]/ytd-two-column-search-results-renderer/div/ytd-section-list-renderer/div[2]/ytd-item-section-renderer/div[3]/ytd-horizontal-card-list-renderer/div[2]/div[2]/div/ytd-search-refinement-card-renderer[6]/a/div[1],/html/body/ytd-app/div/ytd-page-manager/ytd-search/div[]/ytd-two-column-search-results-renderer/div/ytd-section-list-renderer/div[]/ytd-item-section-renderer/div[]/ytd-horizontal-card-list-renderer/div[]/div[]/div/ytd-search-refinement-card-renderer[]/a/div[],20,1242,3113,88.0,156.0,2,2,0,0,0,0,0,0,2,0,False
70,/html/body/ytd-app/div/ytd-page-manager/ytd-search/div[1]/ytd-two-column-search-results-renderer/div/ytd-section-list-renderer/div[2]/ytd-item-section-renderer/div[3]/ytd-horizontal-card-list-renderer/div[2]/div[2]/div/ytd-search-refinement-card-renderer[7]/a/div[1],/html/body/ytd-app/div/ytd-page-manager/ytd-search/div[]/ytd-two-column-search-results-renderer/div/ytd-section-list-renderer/div[]/ytd-item-section-renderer/div[]/ytd-horizontal-card-list-renderer/div[]/div[]/div/ytd-search-refinement-card-renderer[]/a/div[],20,1404,3113,88.0,156.0,2,2,0,0,0,0,0,0,2,0,False
71,/html/body/ytd-app/div/ytd-page-manager/ytd-search/div[1]/ytd-two-column-search-results-renderer/div/ytd-section-list-renderer/div[2]/ytd-item-section-renderer/div[3]/ytd-video-renderer[12]/div[1],/html/body/ytd-app/div/ytd-page-manager/ytd-search/div[]/ytd-two-column-search-results-renderer/div/ytd-section-list-renderer/div[]/ytd-item-section-renderer/div[]/ytd-video-renderer[]/div[],15,432,3308,138.0,855.0,63,2,0,0,0,0,0,0,0,0,True
72,/html/body/ytd-app/div/ytd-page-manager/ytd-search/div[1]/ytd-two-column-search-results-renderer/div/ytd-section-list-renderer/div[2]/ytd-item-section-renderer/div[3]/ytd-video-renderer[12]/div[1]/div,/html/body/ytd-app/div/ytd-page-manager/ytd-search/div[]/ytd-two-column-search-results-renderer/div/ytd-section-list-renderer/div[]/ytd-item-section-renderer/div[]/ytd-video-renderer[]/div[]/div,16,694,3308,138.0,593.0,50,1,0,0,0,0,0,0,0,0,False
73,/html/body/ytd-app/div/ytd-page-manager/ytd-search/div[1]/ytd-two-column-search-results-renderer/div/ytd-section-list-renderer/div[2]/ytd-item-section-renderer/div[3]/ytd-video-renderer[13]/div[1],/html/body/ytd-app/div/ytd-page-manager/ytd-search/div[]/ytd-two-column-search-results-renderer/div/ytd-section-list-renderer/div[]/ytd-item-section-renderer/div[]/ytd-video-renderer[]/div[],15,432,3462,138.0,855.0,63,2,0,0,0,0,0,0,0,0,True
74,/html/body/ytd-app/div/ytd-page-manager/ytd-search/div[1]/ytd-two-column-search-results-renderer/div/ytd-section-list-renderer/div[2]/ytd-item-section-renderer/div[3]/ytd-video-renderer[13]/div[1]/div,/html/body/ytd-app/div/ytd-page-manager/ytd-search/div[]/ytd-two-column-search-results-renderer/div/ytd-section-list-renderer/div[]/ytd-item-section-renderer/div[]/ytd-video-renderer[]/div[]/div,16,694,3462,138.0,593.0,50,1,0,0,0,0,0,0,0,0,False
75,/html/body/ytd-app/div/ytd-page-manager/ytd-search/div[1]/ytd-two-column-search-results-renderer/div/ytd-section-list-renderer/div[2]/ytd-item-section-renderer/div[3]/ytd-video-renderer[14]/div[1],/html/body/ytd-app/div/ytd-page-manager/ytd-search/div[]/ytd-two-column-search-results-renderer/div/ytd-section-list-renderer/div[]/ytd-item-section-renderer/div[]/ytd-video-renderer[]/div[],15,432,3616,138.0,855.0,83,2,0,0,0,0,0,0,0,0,True
76,/html/body/ytd-app/div/ytd-page-manager/ytd-search/div[1]/ytd-two-column-search-results-renderer/div/ytd-section-list-renderer/div[2]/ytd-item-section-renderer/div[3]/ytd-video-renderer[14]/div[1]/div,/html/body/ytd-app/div/ytd-page-manager/ytd-search/div[]/ytd-two-column-search-results-renderer/div/ytd-section-list-renderer/div[]/ytd-item-section-renderer/div[]/ytd-video-renderer[]/div[]/div,16,694,3616,138.0,593.0,70,1,0,0,0,0,0,0,0,0,False
77,/html/body/ytd-app/div/ytd-page-manager/ytd-search/div[1]/ytd-two-column-search-results-renderer/div/ytd-section-list-renderer/div[2]/ytd-item-section-renderer/div[3]/ytd-video-renderer[15]/div[1],/html/body/ytd-app/div/ytd-page-manager/ytd-search/div[]/ytd-two-column-search-results-renderer/div/ytd-section-list-renderer/div[]/ytd-item-section-renderer/div[]/ytd-video-renderer[]/div[],15,432,3770,138.0,855.0,83,2,0,0,0,0,0,0,0,0,True
78,/html/body/ytd-app/div/ytd-page-manager/ytd-search/div[1]/ytd-two-column-search-results-renderer/div/ytd-section-list-renderer/div[2]/ytd-item-section-renderer/div[3]/ytd-video-renderer[15]/div[1]/div,/html/body/ytd-app/div/ytd-page-manager/ytd-search/div[]/ytd-two-column-search-results-renderer/div/ytd-section-list-renderer/div[]/ytd-item-section-renderer/div[]/ytd-video-renderer[]/div[]/div,16,694,3770,138.0,593.0,70,1,0,0,0,0,0,0,0,0,False
79,/html/body/ytd-app/div/ytd-page-manager/ytd-search/div[1]/ytd-two-column-search-results-renderer/div/ytd-section-list-renderer/div[2]/ytd-item-section-renderer/div[3]/ytd-video-renderer[16]/div[1],/html/body/ytd-app/div/ytd-page-manager/ytd-search/div[]/ytd-two-column-search-results-renderer/div/ytd-section-list-renderer/div[]/ytd-item-section-renderer/div[]/ytd-video-renderer[]/div[],15,432,3924,138.0,855.0,66,2,0,0,0,0,0,0,0,0,True
80,/html/body/ytd-app/div/ytd-page-manager/ytd-search/div[1]/ytd-two-column-search-results-renderer/div/ytd-section-list-renderer/div[2]/ytd-item-section-renderer/div[3]/ytd-video-renderer[16]/div[1]/div,/html/body/ytd-app/div/ytd-page-manager/ytd-search/div[]/ytd-two-column-search-results-renderer/div/ytd-section-list-renderer/div[]/ytd-item-section-renderer/div[]/ytd-video-renderer[]/div[]/div,16,694,3924,138.0,593.0,53,1,0,0,0,0,0,0,0,0,False
81,/html/body/ytd-app/div/ytd-page-manager/ytd-search/div[1]/ytd-two-column-search-results-renderer/div/ytd-section-list-renderer/div[2]/ytd-item-section-renderer/div[3]/ytd-video-renderer[17]/div[1],/html/body/ytd-app/div/ytd-page-manager/ytd-search/div[]/ytd-two-column-search-results-renderer/div/ytd-section-list-renderer/div[]/ytd-item-section-renderer/div[]/ytd-video-renderer[]/div[],15,432,4078,138.0,855.0,63,2,0,0,0,0,0,0,0,0,True
82,/html/body/ytd-app/div/ytd-page-manager/ytd-search/div[1]/ytd-two-column-search-results-renderer/div/ytd-section-list-renderer/div[2]/ytd-item-section-renderer/div[3]/ytd-video-renderer[17]/div[1]/div,/html/body/ytd-app/div/ytd-page-manager/ytd-search/div[]/ytd-two-column-search-results-renderer/div/ytd-section-list-renderer/div[]/ytd-item-section-renderer/div[]/ytd-video-renderer[]/div[]/div,16,694,4078,138.0,593.0,50,1,0,0,0,0,0,0,0,0,False
83,/html/body/ytd-app/div/ytd-page-manager/ytd-search/div[1]/ytd-two-column-search-results-renderer/div/ytd-section-list-renderer/div[2]/ytd-item-section-renderer/div[3]/ytd-video-renderer[18]/div[1],/html/body/ytd-app/div/ytd-page-manager/ytd-search/div[]/ytd-two-column-search-results-renderer/div/ytd-section-list-renderer/div[]/ytd-item-section-renderer/div[]/ytd-video-renderer[]/div[],15,432,4232,138.0,855.0,66,2,0,0,0,0,0,0,0,0,True
84,/html/body/ytd-app/div/ytd-page-manager/ytd-search/div[1]/ytd-two-column-search-results-renderer/div/ytd-section-list-renderer/div[2]/ytd-item-section-renderer/div[3]/ytd-video-renderer[18]/div[1]/div,/html/body/ytd-app/div/ytd-page-manager/ytd-search/div[]/ytd-two-column-search-results-renderer/div/ytd-section-list-renderer/div[]/ytd-item-section-renderer/div[]/ytd-video-renderer[]/div[]/div,16,694,4232,138.0,593.0,53,1,0,0,0,0,0,0,0,0,False
85,/html/body/ytd-app/div/ytd-page-manager/ytd-search/div[1]/ytd-two-column-search-results-renderer/div/ytd-section-list-renderer/div[2]/ytd-item-section-renderer/div[3]/ytd-radio-renderer/div,/html/body/ytd-app/div/ytd-page-manager/ytd-search/div[]/ytd-two-column-search-results-renderer/div/ytd-section-list-renderer/div[]/ytd-item-section-renderer/div[]/ytd-radio-renderer/div,15,694,4386,138.0,593.0,34,2,0,0,0,0,0,0,0,0,False
86,/html/body/ytd-app/div/ytd-page-manager/ytd-search/div[1]/ytd-two-column-search-results-renderer/ytd-secondary-search-container-renderer/div,/html/body/ytd-app/div/ytd-page-manager/ytd-search/div[]/ytd-two-column-search-results-renderer/ytd-secondary-search-container-renderer/div,10,1326,72,958.0,385.0,185,2,0,0,0,0,0,0,0,0,False
87,/html/body/ytd-app/div/ytd-page-manager/ytd-search/div[1]/ytd-two-column-search-results-renderer/ytd-secondary-search-container-renderer/div/ytd-universal-watch-card-renderer/div[1],/html/body/ytd-app/div/ytd-page-manager/ytd-search/div[]/ytd-two-column-search-results-renderer/ytd-secondary-search-container-renderer/div/ytd-universal-watch-card-renderer/div[],12,1326,72,84.0,385.0,21,2,0,0,0,0,0,0,0,0,False
88,/html/body/ytd-app/div/ytd-page-manager/ytd-search/div[1]/ytd-two-column-search-results-renderer/ytd-secondary-search-container-renderer/div/ytd-universal-watch-card-renderer/div[2],/html/body/ytd-app/div/ytd-page-manager/ytd-search/div[]/ytd-two-column-search-results-renderer/ytd-secondary-search-container-renderer/div/ytd-universal-watch-card-renderer/div[],12,1326,156,389.0,385.0,29,2,0,0,0,0,0,0,16,0,False
89,/html/body/ytd-app/div/ytd-page-manager/ytd-search/div[1]/ytd-two-column-search-results-renderer/ytd-secondary-search-container-renderer/div/ytd-universal-watch-card-renderer/div[2]/ytd-watch-card-hero-video-renderer/div,/html/body/ytd-app/div/ytd-page-manager/ytd-search/div[]/ytd-two-column-search-results-renderer/ytd-secondary-search-container-renderer/div/ytd-universal-watch-card-renderer/div[]/ytd-watch-card-hero-video-renderer/div,14,1326,156,386.0,386.0,27,5,0,0,0,0,0,0,0,0,False
90,/html/body/ytd-app/div/ytd-page-manager/ytd-search/div[1]/ytd-two-column-search-results-renderer/ytd-secondary-search-container-renderer/div/ytd-universal-watch-card-renderer/div[2]/ytd-watch-card-hero-video-renderer/div/div[1],/html/body/ytd-app/div/ytd-page-manager/ytd-search/div[]/ytd-two-column-search-results-renderer/ytd-secondary-search-container-renderer/div/ytd-universal-watch-card-renderer/div[]/ytd-watch-card-hero-video-renderer/div/div[],15,1326,156,386.0,386.0,3,2,0,0,0,0,0,0,0,0,False
91,/html/body/ytd-app/div/ytd-page-manager/ytd-search/div[1]/ytd-two-column-search-results-renderer/ytd-secondary-search-container-renderer/div/ytd-universal-watch-card-renderer/div[3],/html/body/ytd-app/div/ytd-page-manager/ytd-search/div[]/ytd-two-column-search-results-renderer/ytd-secondary-search-container-renderer/div/ytd-universal-watch-card-renderer/div[],12,1326,561,469.0,385.0,131,2,0,0,0,0,0,0,0,0,False
92,/html/body/ytd-app/div/ytd-page-manager/ytd-search/div[1]/ytd-two-column-search-results-renderer/ytd-secondary-search-container-renderer/div/ytd-universal-watch-card-renderer/div[3]/ytd-watch-card-section-sequence-renderer/div,/html/body/ytd-app/div/ytd-page-manager/ytd-search/div[]/ytd-two-column-search-results-renderer/ytd-secondary-search-container-renderer/div/ytd-universal-watch-card-renderer/div[]/ytd-watch-card-section-sequence-renderer/div,14,1326,561,469.0,385.0,129,2,0,0,0,0,0,0,0,0,False
93,/html/body/ytd-app/div/ytd-page-manager/ytd-search/div[1]/ytd-two-column-search-results-renderer/ytd-secondary-search-container-renderer/div/ytd-universal-watch-card-renderer/div[3]/ytd-watch-card-section-sequence-renderer/div/ytd-vertical-watch-card-list-renderer/div,/html/body/ytd-app/div/ytd-page-manager/ytd-search/div[]/ytd-two-column-search-results-renderer/ytd-secondary-search-container-renderer/div/ytd-universal-watch-card-renderer/div[]/ytd-watch-card-section-sequence-renderer/div/ytd-vertical-watch-card-list-renderer/div,16,1326,561,469.0,385.0,126,2,0,0,0,0,0,0,0,0,False
94,/html/body/ytd-app/ytd-miniplayer/div[2],/html/body/ytd-app/ytd-miniplayer/div[],5,1491,607,574.0,400.0,59,2,0,0,0,0,0,0,0,0,False
95,/html/body/ytd-app/ytd-miniplayer/div[2]/div,/html/body/ytd-app/ytd-miniplayer/div[]/div,6,1491,607,289.0,400.0,58,2,0,0,0,0,0,0,0,0,False
96,/html/body/ytd-app/ytd-miniplayer/div[2]/div/div[1],/html/body/ytd-app/ytd-miniplayer/div[]/div/div[],7,1491,607,289.0,400.0,16,2,0,0,0,0,0,0,0,0,False
97,/html/body/ytd-app/ytd-miniplayer/div[2]/div/div[1]/div[1],/html/body/ytd-app/ytd-miniplayer/div[]/div/div[]/div[],8,1491,607,225.0,400.0,1,1,0,0,0,0,0,0,0,0,False
98,/html/body/ytd-app/ytd-miniplayer/div[2]/div/div[1]/div[1]/div,/html/body/ytd-app/ytd-miniplayer/div[]/div/div[]/div[]/div,9,1491,607,225.0,400.0,0,2,0,0,0,0,0,0,0,0,False
